Player + Prop,Player + Prop + Line,Sport,Player ID,Player Name,Position,Team,Stat Type,Line Score,Adjusted Odds,Date,Start Time (CST),Status,League,Odds Type,Headshot URL,Data ID,Average Line,Average No-Vig Over %,Average No-Vig Under %,Percent Difference,Max No-Vig %,Bet Tag,Player Image,Game Start Time,Fav,Spread,O/U,Game Short Title,Scheduled At,Match Progress,Venue Name,Venue Type,Broadcasts,Max No-Vig % Price,True Price,Date,True Point Average Line,EST. Return Date,Injury Status,Comment,Starter,Opp,PrizePicks,Opportunities,Edge % Over,Edge % Under,Edge %,DvP Projection,DVP Rank,Opp +/-,DVP Bet,Average Projected,DVP Adjusted,Total Projection,Underdog Line,Callout Bet Tag
Kiki IriafenFantasyScore,Kiki IriafenFantasyScore32.5,WNBA,238169,Kiki Iriafen,F,WAS,Fantasy Score,32.5,N/A,5/24/2026,12/30/1899,pre_game,WNBA,standard,https://static.prizepicks.com/images/players/WNBA/Kiki_Iriafen_WNBA_player_rpWzpNGkFkgVDdBVjShUvIzB.webp,12299452,,,,,,,,,,,,,,,,,,,,,31.55,,,,No,,,0,48.53846154,51.46153846,51.46153846,31.55,,0,,31.55,31.55,31.74,31.55,Push
Shakira AustinFantasyScore,Shakira AustinFantasyScore32.5,WNBA,64392,Shakira Austin,C,WAS,Fantasy Score,32.5,N/A,5/24/2026,12/30/1899,pre_game,WNBA,standard,https://static.prizepicks.com/images/players/WNBA/Shakira_Austin_WNBA_player_MA9Pc3OblxHKTZfe7e7MWhC7.webp,12299453,,,,,,,,,,,,,,,,,,,,,31.55,,,,No,,,0,48.53846154,51.46153846,51.46153846,31.55,,0,,31.55,31.55,31.74,31.55,Push
Sonia Citron + Shakira AustinPoints(Combo),Sonia Citron + Shakira AustinPoints(Combo)32,WNBA,320045,Sonia Citron + Shakira Austin,G,WAS,Points (Combo),32,N/A,5/24/2026,12/30/1899,pre_game,WNBA,standard,https://static.prizepicks.com/images/players/CMBO_group_NRb5qx8lCy3g08TSUxi4aAwa.webp,12299952,,,,,,,,,,,,,,,,,,,,,,,,,No,,,0,,,,0,,0,,0,0,32,0,Push
Sonia Citron + Kiki IriafenPoints(Combo),Sonia Citron + Kiki IriafenPoints(Combo)32,WNBA,318637,Sonia Citron + Kiki Iriafen,G,WAS,Points (Combo),32,N/A,5/24/2026,12/30/1899,pre_game,WNBA,standard,https://static.prizepicks.com/images/players/CMBO_group_JpYNnPezTJSjGRVHoW53MxkK.webp,12299953,,,,,,,,,,,,,,,,,,,,,,,,,No,,,0,,,,0,,0,,0,0,32,0,Push
Sonia Citron + Flau'jae JohnsonPoints(Combo),Sonia Citron + Flau'jae JohnsonPoints(Combo)31.5,WNBA,320047,Sonia Citron + Flau'jae Johnson,G,WAS/SEA,Points (Combo),31.5,N/A,5/24/2026,12/30/1899,pre_game,WNBA,standard,https://static.prizepicks.com/images/manual/Sonia Citron + Flau'jae Johnson.png,12299954,,,,,,,,,,,,,,,,,,,,,,,,,No,,,0,,,,0,,0,,0,0,31.5,0,Push
Sonia CitronFantasyScore,Sonia CitronFantasyScore29.5,WNBA,238241,Sonia Citron,G,WAS,Fantasy Score,29.5,N/A,5/24/2026,12/30/1899,pre_game,WNBA,standard,https://static.prizepicks.com/images/players/WNBA/Sonia_Citron_WNBA_player_Cu5wEbcQEPoUpdz2rimHwWTl.webp,12299454,,,,,,,,,,,,,,,,,,,,,29.55,,,,No,,,0,50.08474576,49.91525424,50.08474576,29.55,,0,,29.55,29.55,29.54,29.55,Push
Shakira Austin + Kiki IriafenPoints(Combo),Shakira Austin + Kiki IriafenPoints(Combo)29,WNBA,320048,Shakira Austin + Kiki Iriafen,C,WAS,Points (Combo),29,N/A,5/24/2026,12/30/1899,pre_game,WNBA,standard,https://static.prizepicks.com/images/players/CMBO_group_UR7ie20WP663b71dAkiWNR0f.webp,12299955,,,,,,,,,,,,,,,,,,,,,,,,,No,,,0,,,,0,,0,,0,0,29,0,Push
Shakira Austin + Flau'jae JohnsonPoints(Combo),Shakira Austin + Flau'jae JohnsonPoints(Combo)29,WNBA,320050,Shakira Austin + Flau'jae Johnson,C,WAS/SEA,Points (Combo),29,N/A,5/24/2026,12/30/1899,pre_game,WNBA,standard,https://static.prizepicks.com/images/manual/Shakira Austin + Flau'jae Johnson.png,12299965,,,,,,,,,,,,,,,,,,,,,,,,,No,,,0,,,,0,,0,,0,0,29,0,Push
Kiki Iriafen + Flau'jae JohnsonPoints(Combo),Kiki Iriafen + Flau'jae JohnsonPoints(Combo)29,WNBA,320051,Kiki Iriafen + Flau'jae Johnson,F,WAS/SEA,Points (Combo),29,N/A,5/24/2026,12/30/1899,pre_game,WNBA,standard,https://static.prizepicks.com/images/manual/Kiki Iriafen + Flau'jae Johnson.png,12299970,,,,,,,,,,,,,,,,,,,,,,,,,No,,,0,,,,0,,0,,0,0,29,0,Push
Flau'jae JohnsonFantasyScore,Flau'jae JohnsonFantasyScore28.5,WNBA,316729,Flau'jae Johnson,G,SEA,Fantasy Score,28.5,N/A,5/24/2026,12/30/1899,pre_game,WNBA,standard,https://static.prizepicks.com/images/manual/FlaujaeJohnson.png,12299455,,,,,,,,,No,4.6,156.4,,,,,,,,,,29.18,,,,No,IND,29.18,29,51.19298246,48.80701754,51.19298246,29.18,5,-0.0456,under,29.18,29.13,28.71,27.55,Push
Kiki IriafenPts+Rebs+Asts,Kiki IriafenPts+Rebs+Asts27.5,WNBA,238169,Kiki Iriafen,F,WAS,Pts+Rebs+Asts,27.5,N/A,5/24/2026,12/30/1899,pre_game,WNBA,standard,https://static.prizepicks.com/images/players/WNBA/Kiki_Iriafen_WNBA_player_rpWzpNGkFkgVDdBVjShUvIzB.webp,12299457,27.5,50,50,-7.81,50,Under,https://www.freeiconspng.com/img/1934,,,,,Mystics @ Storm,2026-05-24T22:00:00Z,Sun 06:00pm,N/A,N/A,Amazon Prime Video,,,5/24/2026,27.5,,,,No,,,0,50,50,50,27.5,,0,,27.5,27.5,27.5,0,Push
Kiki IriafenPts+Rebs,Kiki IriafenPts+Rebs25.5,WNBA,238169,Kiki Iriafen,F,WAS,Pts+Rebs,25.5,N/A,5/24/2026,12/30/1899,pre_game,WNBA,standard,https://static.prizepicks.com/images/players/WNBA/Kiki_Iriafen_WNBA_player_rpWzpNGkFkgVDdBVjShUvIzB.webp,12281508,25.5,49.69,50.31,-7.5,50.31,Under,https://www.freeiconspng.com/img/1934,,,,,Mystics @ Storm,2026-05-24T22:00:00Z,Sun 06:00pm,N/A,N/A,Amazon Prime Video,,,5/24/2026,25.3419,,,,No,,,0,49.381922,50.618078,50.618078,25.34,,0,,25.34,25.34,25.38,0,Push
Natisha HiedemanFantasyScore,Natisha HiedemanFantasyScore25.5,WNBA,317046,Natisha Hiedeman,G,SEA,Fantasy Score,25.5,N/A,5/24/2026,12/30/1899,pre_game,WNBA,standard,https://static.prizepicks.com/images/manual/NatishaHiedman.png,12299451,,,,,,,,,No,4.6,156.4,,,,,,,,,,20.69,,,,No,IND,20.69,24,40.56862745,59.43137255,59.43137255,20.69,5,-0.0456,under,20.69,20.64,22.61,25.55,Push
Shakira AustinPts+Rebs+Asts,Shakira AustinPts+Rebs+Asts25.5,WNBA,64392,Shakira Austin,C,WAS,Pts+Rebs+Asts,25.5,N/A,5/24/2026,12/30/1899,pre_game,WNBA,standard,https://static.prizepicks.com/images/players/WNBA/Shakira_Austin_WNBA_player_MA9Pc3OblxHKTZfe7e7MWhC7.webp,12299458,25.5,50,50,-7.81,50,Under,https://www.freeiconspng.com/img/1934,,,,,Mystics @ Storm,2026-05-24T22:00:00Z,Sun 06:00pm,N/A,N/A,Amazon Prime Video,,,5/24/2026,25.5,,,,No,,,0,50,50,50,25.5,,0,,25.5,25.5,25.5,0,Push
Sonia CitronPts+Rebs+Asts,Sonia CitronPts+Rebs+Asts23.5,WNBA,238241,Sonia Citron,G,WAS,Pts+Rebs+Asts,23.5,N/A,5/24/2026,12/30/1899,pre_game,WNBA,standard,https://static.prizepicks.com/images/players/WNBA/Sonia_Citron_WNBA_player_Cu5wEbcQEPoUpdz2rimHwWTl.webp,12281269,23.5,50.05,49.95,-7.86,50.05,Over,https://www.freeiconspng.com/img/1934,,,,,Mystics @ Storm,2026-05-24T22:00:00Z,Sun 06:00pm,N/A,N/A,Amazon Prime Video,,,5/24/2026,23.5235,,,,No,,,0,50.10005,49.89995,50.10005,23.52,,0,,23.52,23.52,23.52,0,Push
Shakira AustinPts+Rebs,Shakira AustinPts+Rebs23.5,WNBA,64392,Shakira Austin,C,WAS,Pts+Rebs,23.5,N/A,5/24/2026,12/30/1899,pre_game,WNBA,standard,https://static.prizepicks.com/images/players/WNBA/Shakira_Austin_WNBA_player_MA9Pc3OblxHKTZfe7e7MWhC7.webp,12281518,23.5,49.26,50.74,-7.07,50.74,Under,https://www.freeiconspng.com/img/1934,,,,,Mystics @ Storm,2026-05-24T22:00:00Z,Sun 06:00pm,N/A,N/A,Amazon Prime Video,,,5/24/2026,23.1522,,,,No,,,0,48.530952,51.469048,51.469048,23.15,,0,,23.15,23.15,23.24,0,Push
Flau'jae JohnsonPts+Rebs+Asts,Flau'jae JohnsonPts+Rebs+Asts21.5,WNBA,316729,Flau'jae Johnson,G,SEA,Pts+Rebs+Asts,21.5,N/A,5/24/2026,12/30/1899,pre_game,WNBA,standard,https://static.prizepicks.com/images/manual/FlaujaeJohnson.png,12299459,21.5,50,50,-7.81,50,Under,https://www.freeiconspng.com/img/1934,,No,4.6,156.4,Mystics @ Storm,2026-05-24T22:00:00Z,Sun 06:00pm,N/A,N/A,Amazon Prime Video,,,5/24/2026,21.5,,,,No,IND,29.18,29,50,50,50,21.5,14,-0.0825,under,21.5,21.42,21.48,0,Push
Sonia CitronPts+Rebs,Sonia CitronPts+Rebs21,WNBA,238241,Sonia Citron,G,WAS,Pts+Rebs,21,N/A,5/24/2026,12/30/1899,pre_game,WNBA,standard,https://static.prizepicks.com/images/players/WNBA/Sonia_Citron_WNBA_player_Cu5wEbcQEPoUpdz2rimHwWTl.webp,12281268,20.86,50.92,49.08,-8.73,50.92,Over,https://www.freeiconspng.com/img/1934,,,,,Mystics @ Storm,2026-05-24T22:00:00Z,Sun 06:00pm,N/A,N/A,Amazon Prime Video,,,5/24/2026,21.2438,,,,No,,,0,51.51115695,48.48884305,51.51115695,21.24,,0,,21.24,21.24,21.18,0,Push
Natisha HiedemanPts+Rebs+Asts,Natisha HiedemanPts+Rebs+Asts20.5,WNBA,317046,Natisha Hiedeman,G,SEA,Pts+Rebs+Asts,20.5,N/A,5/24/2026,12/30/1899,pre_game,WNBA,standard,https://static.prizepicks.com/images/manual/NatishaHiedman.png,12299456,20.5,50,50,-7.81,50,Under,https://www.freeiconspng.com/img/1934,,No,4.6,156.4,Mystics @ Storm,2026-05-24T22:00:00Z,Sun 06:00pm,N/A,N/A,Amazon Prime Video,,,5/24/2026,20.5,,,,No,IND,20.69,24,50,50,50,20.5,14,-0.0825,under,20.5,20.42,20.48,0,Push
Sonia CitronPts+Asts,Sonia CitronPts+Asts19.5,WNBA,238241,Sonia Citron,G,WAS,Pts+Asts,19.5,N/A,5/24/2026,12/30/1899,pre_game,WNBA,standard,https://static.prizepicks.com/images/players/WNBA/Sonia_Citron_WNBA_player_Cu5wEbcQEPoUpdz2rimHwWTl.webp,12281267,19.5,51.23,48.77,-9.04,51.23,Over,https://www.freeiconspng.com/img/1934,,,,,Mystics @ Storm,2026-05-24T22:00:00Z,Sun 06:00pm,N/A,N/A,Amazon Prime Video,,,5/24/2026,19.9797,,,,No,,,0,52.490258,47.509742,52.490258,19.98,,0,,19.98,19.98,19.86,0,Push
Flau'jae JohnsonPts+Rebs,Flau'jae JohnsonPts+Rebs19.5,WNBA,316729,Flau'jae Johnson,G,SEA,Pts+Rebs,19.5,N/A,5/24/2026,12/30/1899,pre_game,WNBA,standard,https://static.prizepicks.com/images/manual/FlaujaeJohnson.png,12292639,19.5,49.52,50.48,-7.33,50.48,Under,https://www.freeiconspng.com/img/1934,,No,4.6,156.4,Mystics @ Storm,2026-05-24T22:00:00Z,Sun 06:00pm,N/A,N/A,Amazon Prime Video,,,5/24/2026,19.3128,,,,No,IND,29.18,29,49.044608,50.955392,50.955392,19.31,14,-0.0825,under,19.31,19.23,19.34,0,Push
Shakira Austin + Kiki IriafenRebounds(Combo),Shakira Austin + Kiki IriafenRebounds(Combo)19,WNBA,320048,Shakira Austin + Kiki Iriafen,C,WAS,Rebounds (Combo),19,N/A,5/24/2026,12/30/1899,pre_game,WNBA,standard,https://static.prizepicks.com/images/players/CMBO_group_UR7ie20WP663b71dAkiWNR0f.webp,12299972,,,,,,,,,,,,,,,,,,,,,,,,,No,,,0,,,,0,,0,,0,0,19,0,Push
Natisha HiedemanPts+Asts,Natisha HiedemanPts+Asts18.5,WNBA,317046,Natisha Hiedeman,G,SEA,Pts+Asts,18.5,N/A,5/24/2026,12/30/1899,pre_game,WNBA,standard,https://static.prizepicks.com/images/manual/NatishaHiedman.png,12303741,18.5,48.57,51.43,,51.43,Under,https://www.freeiconspng.com/img/1934,,No,4.6,156.4,Mystics @ Storm,2026-05-24T22:00:00Z,Sun 06:00pm,N/A,N/A,Amazon Prime Video,,,5/24/2026,17.9709,,,,No,IND,20.69,24,47.180898,52.819102,52.819102,17.97,5,-0.0456,under,17.97,17.93,18.09,0,Push
Sonia CitronPoints,Sonia CitronPoints17.5,WNBA,238241,Sonia Citron,G,WAS,Points,17.5,N/A,5/24/2026,12/30/1899,pre_game,WNBA,standard,https://static.prizepicks.com/images/players/WNBA/Sonia_Citron_WNBA_player_Cu5wEbcQEPoUpdz2rimHwWTl.webp,12281266,17.5,48.25,51.75,-6.06,51.75,Under,https://www.freeiconspng.com/img/1934,,,,,Mystics @ Storm,2026-05-24T22:00:00Z,Sun 06:00pm,N/A,N/A,Amazon Prime Video,,,5/24/2026,16.8875,,,,No,,,0,46.56125,53.43875,53.43875,16.89,,0,,16.89,16.89,17.13,17.5,Push
Kiki Iriafen + Flau'jae JohnsonRebounds(Combo),Kiki Iriafen + Flau'jae JohnsonRebounds(Combo)15.5,WNBA,320051,Kiki Iriafen + Flau'jae Johnson,F,WAS/SEA,Rebounds (Combo),15.5,N/A,5/24/2026,12/30/1899,pre_game,WNBA,standard,https://static.prizepicks.com/images/manual/Kiki Iriafen + Flau'jae Johnson.png,12299973,,,,,,,,,,,,,,,,,,,,,,,,,No,,,0,,,,0,,0,,0,0,15.5,0,Push
Kiki IriafenPoints,Kiki IriafenPoints14.5,WNBA,238169,Kiki Iriafen,F,WAS,Points,14.5,N/A,5/24/2026,12/30/1899,pre_game,WNBA,standard,https://static.prizepicks.com/images/players/WNBA/Kiki_Iriafen_WNBA_player_rpWzpNGkFkgVDdBVjShUvIzB.webp,12281506,14.5,50.59,49.41,-8.4,50.59,Over,https://www.freeiconspng.com/img/1934,,,,,Mystics @ Storm,2026-05-24T22:00:00Z,Sun 06:00pm,N/A,N/A,Amazon Prime Video,,,5/24/2026,14.6711,,,,No,,,0,51.186962,48.813038,51.186962,14.67,,0,,14.67,14.67,14.6,14.5,Push
Shakira AustinPoints,Shakira AustinPoints14.5,WNBA,64392,Shakira Austin,C,WAS,Points,14.5,N/A,5/24/2026,12/30/1899,pre_game,WNBA,standard,https://static.prizepicks.com/images/players/WNBA/Shakira_Austin_WNBA_player_MA9Pc3OblxHKTZfe7e7MWhC7.webp,12281515,14.5,51.56,48.44,-9.37,51.56,Over,https://www.freeiconspng.com/img/1934,,,,,Mystics @ Storm,2026-05-24T22:00:00Z,Sun 06:00pm,N/A,N/A,Amazon Prime Video,,,5/24/2026,14.9524,,,,No,,,0,53.168672,46.831328,53.168672,14.95,,0,,14.95,14.95,14.77,14.5,Push
Flau'jae JohnsonPoints,Flau'jae JohnsonPoints14.5,WNBA,316729,Flau'jae Johnson,G,SEA,Points,14.5,N/A,5/24/2026,12/30/1899,pre_game,WNBA,standard,https://static.prizepicks.com/images/manual/FlaujaeJohnson.png,12292637,14.29,48.63,51.37,-6.44,51.37,Under,https://www.freeiconspng.com/img/1934,,No,4.6,156.4,Mystics @ Storm,2026-05-24T22:00:00Z,Sun 06:00pm,N/A,N/A,Amazon Prime Video,,,5/24/2026,13.8985,,,,No,IND,29.18,29,46.61269345,53.38730655,53.38730655,13.9,7,0.1628,over,13.9,14.06,14.17,14.5,Push
Jade MelbournePts+Asts,Jade MelbournePts+Asts14.5,WNBA,142457,Jade Melbourne,G,SEA,Pts+Asts,14.5,N/A,5/24/2026,12/30/1899,pre_game,WNBA,standard,https://static.prizepicks.com/images/manual/JadeMelburne.png,12304534,14.5,50.65,49.35,-8.46,50.65,Over,https://www.freeiconspng.com/img/1934,,No,4.6,156.4,,,,,,,,,,14.6885,,,,No,IND,22.07,25,51.30845,48.69155,51.30845,14.69,5,-0.0456,under,14.69,14.64,14.63,0,Push
Natisha HiedemanPoints,Natisha HiedemanPoints13.5,WNBA,317046,Natisha Hiedeman,G,SEA,Points,13.5,N/A,5/24/2026,12/30/1899,pre_game,WNBA,standard,https://static.prizepicks.com/images/manual/NatishaHiedman.png,12292647,13.5,49.1,50.9,-6.91,50.9,Under,https://www.freeiconspng.com/img/1934,,No,4.6,156.4,Mystics @ Storm,2026-05-24T22:00:00Z,Sun 06:00pm,N/A,N/A,Amazon Prime Video,,,5/24/2026,13.257,,,,No,IND,20.69,24,48.2162,51.7838,51.7838,13.26,7,0.1628,over,13.26,13.42,13.39,13.5,Push
Shakira Austin + Flau'jae JohnsonRebounds(Combo),Shakira Austin + Flau'jae JohnsonRebounds(Combo)13.5,WNBA,320050,Shakira Austin + Flau'jae Johnson,C,WAS/SEA,Rebounds (Combo),13.5,N/A,5/24/2026,12/30/1899,pre_game,WNBA,standard,https://static.prizepicks.com/images/manual/Shakira Austin + Flau'jae Johnson.png,12299974,,,,,,,,,,,,,,,,,,,,,,,,,No,,,0,,,,0,,0,,0,0,13.5,0,Push
Flau'jae JohnsonFGAttempted,Flau'jae JohnsonFGAttempted13,WNBA,316729,Flau'jae Johnson,G,SEA,FG Attempted,13,N/A,5/24/2026,12/30/1899,pre_game,WNBA,standard,https://static.prizepicks.com/images/manual/FlaujaeJohnson.png,12302844,,,,,,,,,No,4.6,156.4,,,,,,,,,,,,,,No,IND,29.18,29,,,,0,5,-0.0456,under,0,-0.05,13.25,13.5,Push
Sonia CitronFGAttempted,Sonia CitronFGAttempted12.5,WNBA,238241,Sonia Citron,G,WAS,FG Attempted,12.5,N/A,5/24/2026,12/30/1899,pre_game,WNBA,standard,https://static.prizepicks.com/images/players/WNBA/Sonia_Citron_WNBA_player_Cu5wEbcQEPoUpdz2rimHwWTl.webp,12302845,,,,,,,,,,,,,,,,,,,,,,,,,No,,,0,,,,0,,0,,0,0,13,13.5,Push
Shakira AustinFGAttempted,Shakira AustinFGAttempted12,WNBA,64392,Shakira Austin,C,WAS,FG Attempted,12,N/A,5/24/2026,12/30/1899,pre_game,WNBA,standard,https://static.prizepicks.com/images/players/WNBA/Shakira_Austin_WNBA_player_MA9Pc3OblxHKTZfe7e7MWhC7.webp,12302846,,,,,,,,,,,,,,,,,,,,,,,,,No,,,0,,,,0,,0,,0,0,12.25,12.5,Push
Kiki IriafenFGAttempted,Kiki IriafenFGAttempted11,WNBA,238169,Kiki Iriafen,F,WAS,FG Attempted,11,N/A,5/24/2026,12/30/1899,pre_game,WNBA,standard,https://static.prizepicks.com/images/players/WNBA/Kiki_Iriafen_WNBA_player_rpWzpNGkFkgVDdBVjShUvIzB.webp,12302847,,,,,,,,,,,,,,,,,,,,,,,,,No,,,0,,,,0,,0,,0,0,11.25,11.5,Push
Natisha HiedemanFGAttempted,Natisha HiedemanFGAttempted11,WNBA,317046,Natisha Hiedeman,G,SEA,FG Attempted,11,N/A,5/24/2026,12/30/1899,pre_game,WNBA,standard,https://static.prizepicks.com/images/manual/NatishaHiedman.png,12302848,,,,,,,,,No,4.6,156.4,,,,,,,,,,,,,,No,IND,20.69,24,,,,0,5,-0.0456,under,0,-0.05,11.25,11.5,Push
Kiki IriafenRebounds,Kiki IriafenRebounds10.5,WNBA,238169,Kiki Iriafen,F,WAS,Rebounds,10.5,N/A,5/24/2026,12/30/1899,pre_game,WNBA,standard,https://static.prizepicks.com/images/players/WNBA/Kiki_Iriafen_WNBA_player_rpWzpNGkFkgVDdBVjShUvIzB.webp,12281509,10.5,49.61,50.39,-7.42,50.39,Under,https://www.freeiconspng.com/img/1934,,,,,Mystics @ Storm,2026-05-24T22:00:00Z,Sun 06:00pm,N/A,N/A,Amazon Prime Video,,,5/24/2026,10.4181,,,,No,,,0,49.223042,50.776958,50.776958,10.42,,0,,10.42,10.42,10.45,10.5,Push
Kiki IriafenTwoPointersAttempted,Kiki IriafenTwoPointersAttempted10.5,WNBA,238169,Kiki Iriafen,F,WAS,Two Pointers Attempted,10.5,N/A,5/24/2026,12/30/1899,pre_game,WNBA,standard,https://static.prizepicks.com/images/players/WNBA/Kiki_Iriafen_WNBA_player_rpWzpNGkFkgVDdBVjShUvIzB.webp,12302867,,,,,,,,,,,,,,,,,,,,,,,,,No,,,0,,,,0,,0,,0,0,10.5,0,Push
Jade MelbournePoints,Jade MelbournePoints10.5,WNBA,142457,Jade Melbourne,G,SEA,Points,10.5,N/A,5/24/2026,12/30/1899,pre_game,WNBA,standard,https://static.prizepicks.com/images/manual/JadeMelburne.png,12304533,10.5,51.28,48.72,-9.09,51.28,Over,https://www.freeiconspng.com/img/1934,,No,4.6,156.4,,,,,,,,,,10.7688,,,,No,IND,22.07,25,52.592768,47.407232,52.592768,10.77,7,0.1628,over,10.77,10.93,10.74,0,Push
Flau'jae JohnsonTwoPointersAttempted,Flau'jae JohnsonTwoPointersAttempted9,WNBA,316729,Flau'jae Johnson,G,SEA,Two Pointers Attempted,9,N/A,5/24/2026,12/30/1899,pre_game,WNBA,standard,https://static.prizepicks.com/images/manual/FlaujaeJohnson.png,12302864,,,,,,,,,No,4.6,156.4,,,,,,,,,,,,,,No,IND,29.18,29,,,,0,5,-0.0456,under,0,-0.05,9,0,Push
Sonia CitronTwoPointersAttempted,Sonia CitronTwoPointersAttempted8.5,WNBA,238241,Sonia Citron,G,WAS,Two Pointers Attempted,8.5,N/A,5/24/2026,12/30/1899,pre_game,WNBA,standard,https://static.prizepicks.com/images/players/WNBA/Sonia_Citron_WNBA_player_Cu5wEbcQEPoUpdz2rimHwWTl.webp,12302865,,,,,,,,,,,,,,,,,,,,,,,,,No,,,0,,,,0,,0,,0,0,8.5,0,Push
Shakira AustinRebounds,Shakira AustinRebounds8,WNBA,64392,Shakira Austin,C,WAS,Rebounds,8,N/A,5/24/2026,12/30/1899,pre_game,WNBA,standard,https://static.prizepicks.com/images/players/WNBA/Shakira_Austin_WNBA_player_MA9Pc3OblxHKTZfe7e7MWhC7.webp,12285428,8.35,45.56,54.44,,54.44,Under,https://www.freeiconspng.com/img/1934,,,,,Mystics @ Storm,2026-05-24T22:00:00Z,Sun 06:00pm,N/A,N/A,Amazon Prime Video,,,5/24/2026,7.6085,,,,No,,,0,43.3304075,56.6695925,56.6695925,7.61,,0,,7.61,7.61,7.87,8.5,Push
Kiki IriafenDefensiveRebounds,Kiki IriafenDefensiveRebounds7.5,WNBA,238169,Kiki Iriafen,F,WAS,Defensive Rebounds,7.5,N/A,5/24/2026,12/30/1899,pre_game,WNBA,standard,https://static.prizepicks.com/images/players/WNBA/Kiki_Iriafen_WNBA_player_rpWzpNGkFkgVDdBVjShUvIzB.webp,12302259,,,,,,,,,,,,,,,,,,,,,,,,,No,,,0,,,,0,,0,,0,0,7.5,0,Push
Natisha HiedemanTwoPointersAttempted,Natisha HiedemanTwoPointersAttempted7,WNBA,317046,Natisha Hiedeman,G,SEA,Two Pointers Attempted,7,N/A,5/24/2026,12/30/1899,pre_game,WNBA,standard,https://static.prizepicks.com/images/manual/NatishaHiedman.png,12302868,,,,,,,,,No,4.6,156.4,,,,,,,,,,,,,,No,IND,20.69,24,,,,0,5,-0.0456,under,0,-0.05,7,0,Push
Shakira AustinDefensiveRebounds,Shakira AustinDefensiveRebounds6.5,WNBA,64392,Shakira Austin,C,WAS,Defensive Rebounds,6.5,N/A,5/24/2026,12/30/1899,pre_game,WNBA,standard,https://static.prizepicks.com/images/players/WNBA/Shakira_Austin_WNBA_player_MA9Pc3OblxHKTZfe7e7MWhC7.webp,12302260,,,,,,,,,,,,,,,,,,,,,,,,,No,,,0,,,,0,,0,,0,0,6.5,0,Push
Sonia CitronRebs+Asts,Sonia CitronRebs+Asts6,WNBA,238241,Sonia Citron,G,WAS,Rebs+Asts,6,N/A,5/24/2026,12/30/1899,pre_game,WNBA,standard,https://static.prizepicks.com/images/players/WNBA/Sonia_Citron_WNBA_player_Cu5wEbcQEPoUpdz2rimHwWTl.webp,12299425,6.25,47.45,52.55,-5.26,52.55,Under,https://www.freeiconspng.com/img/1934,,,,,Mystics @ Storm,2026-05-24T22:00:00Z,Sun 06:00pm,N/A,N/A,Amazon Prime Video,,,5/24/2026,5.9313,,,,No,,,0,46.9066975,53.0933025,53.0933025,5.93,,0,,5.93,5.93,5.95,0,Push
Sonia CitronFGMade,Sonia CitronFGMade6,WNBA,238241,Sonia Citron,G,WAS,FG Made,6,N/A,5/24/2026,12/30/1899,pre_game,WNBA,standard,https://static.prizepicks.com/images/players/WNBA/Sonia_Citron_WNBA_player_Cu5wEbcQEPoUpdz2rimHwWTl.webp,12302840,,,,,,,,,,,,,,,,,,,,,,,,,No,,,0,,,,0,,0,,0,0,6,0,Push
Shakira AustinFGMade,Shakira AustinFGMade5.5,WNBA,64392,Shakira Austin,C,WAS,FG Made,5.5,N/A,5/24/2026,12/30/1899,pre_game,WNBA,standard,https://static.prizepicks.com/images/players/WNBA/Shakira_Austin_WNBA_player_MA9Pc3OblxHKTZfe7e7MWhC7.webp,12302841,,,,,,,,,,,,,,,,,,,,,,,,,No,,,0,,,,0,,0,,0,0,5.5,0,Push
Kiki IriafenFGMade,Kiki IriafenFGMade5.5,WNBA,238169,Kiki Iriafen,F,WAS,FG Made,5.5,N/A,5/24/2026,12/30/1899,pre_game,WNBA,standard,https://static.prizepicks.com/images/players/WNBA/Kiki_Iriafen_WNBA_player_rpWzpNGkFkgVDdBVjShUvIzB.webp,12302842,,,,,,,,,,,,,,,,,,,,,,,,,No,,,0,,,,0,,0,,0,0,5.5,0,Push
Natisha HiedemanFGMade,Natisha HiedemanFGMade5.5,WNBA,317046,Natisha Hiedeman,G,SEA,FG Made,5.5,N/A,5/24/2026,12/30/1899,pre_game,WNBA,standard,https://static.prizepicks.com/images/manual/NatishaHiedman.png,12302843,,,,,,,,,No,4.6,156.4,,,,,,,,,,,,,,No,IND,20.69,24,,,,0,5,-0.0456,under,0,-0.05,5.5,0,Push
Flau'jae JohnsonFreeThrowsAttempted,Flau'jae JohnsonFreeThrowsAttempted5.5,WNBA,316729,Flau'jae Johnson,G,SEA,Free Throws Attempted,5.5,N/A,5/24/2026,12/30/1899,pre_game,WNBA,standard,https://static.prizepicks.com/images/manual/FlaujaeJohnson.png,12302854,,,,,,,,,No,4.6,156.4,,,,,,,,,,,,,,No,IND,29.18,29,,,,0,5,-0.0456,under,0,-0.05,5.5,0,Push
Shakira AustinFreeThrowsAttempted,Shakira AustinFreeThrowsAttempted5.5,WNBA,64392,Shakira Austin,C,WAS,Free Throws Attempted,5.5,N/A,5/24/2026,12/30/1899,pre_game,WNBA,standard,https://static.prizepicks.com/images/players/WNBA/Shakira_Austin_WNBA_player_MA9Pc3OblxHKTZfe7e7MWhC7.webp,12302856,,,,,,,,,,,,,,,,,,,,,,,,,No,,,0,,,,0,,0,,0,0,5.5,0,Push
Flau'jae JohnsonRebounds,Flau'jae JohnsonRebounds5,WNBA,316729,Flau'jae Johnson,G,SEA,Rebounds,5,N/A,5/24/2026,12/30/1899,pre_game,WNBA,standard,https://static.prizepicks.com/images/manual/FlaujaeJohnson.png,12299426,4.83,52.41,47.59,-10.22,52.41,Over,https://www.freeiconspng.com/img/1934,,No,4.6,156.4,Mystics @ Storm,2026-05-24T22:00:00Z,Sun 06:00pm,N/A,N/A,Amazon Prime Video,,,5/24/2026,5.0628,,,,No,IND,29.18,29,53.0682696,46.9317304,53.0682696,5.06,14,-0.0825,under,5.06,4.98,4.92,4.5,Push
Flau'jae JohnsonFreeThrowsMade,Flau'jae JohnsonFreeThrowsMade4.5,WNBA,316729,Flau'jae Johnson,G,SEA,Free Throws Made,4.5,N/A,5/24/2026,12/30/1899,pre_game,WNBA,standard,https://static.prizepicks.com/images/manual/FlaujaeJohnson.png,12302834,,,,,,,,,No,4.6,156.4,,,,,,,,,,,,,,No,IND,29.18,29,,,,0,5,-0.0456,under,0,-0.05,4.5,4.5,Push
Flau'jae JohnsonFGMade,Flau'jae JohnsonFGMade4.5,WNBA,316729,Flau'jae Johnson,G,SEA,FG Made,4.5,N/A,5/24/2026,12/30/1899,pre_game,WNBA,standard,https://static.prizepicks.com/images/manual/FlaujaeJohnson.png,12302839,,,,,,,,,No,4.6,156.4,,,,,,,,,,,,,,No,IND,29.18,29,,,,0,5,-0.0456,under,0,-0.05,4.5,0,Push
Sonia CitronFreeThrowsAttempted,Sonia CitronFreeThrowsAttempted4.5,WNBA,238241,Sonia Citron,G,WAS,Free Throws Attempted,4.5,N/A,5/24/2026,12/30/1899,pre_game,WNBA,standard,https://static.prizepicks.com/images/players/WNBA/Sonia_Citron_WNBA_player_Cu5wEbcQEPoUpdz2rimHwWTl.webp,12302855,,,,,,,,,,,,,,,,,,,,,,,,,No,,,0,,,,0,,0,,0,0,4.5,0,Push
Kiki IriafenFreeThrowsAttempted,Kiki IriafenFreeThrowsAttempted4.5,WNBA,238169,Kiki Iriafen,F,WAS,Free Throws Attempted,4.5,N/A,5/24/2026,12/30/1899,pre_game,WNBA,standard,https://static.prizepicks.com/images/players/WNBA/Kiki_Iriafen_WNBA_player_rpWzpNGkFkgVDdBVjShUvIzB.webp,12302857,,,,,,,,,,,,,,,,,,,,,,,,,No,,,0,,,,0,,0,,0,0,4.5,0,Push
Sonia CitronTwoPointersMade,Sonia CitronTwoPointersMade4.5,WNBA,238241,Sonia Citron,G,WAS,Two Pointers Made,4.5,N/A,5/24/2026,12/30/1899,pre_game,WNBA,standard,https://static.prizepicks.com/images/players/WNBA/Sonia_Citron_WNBA_player_Cu5wEbcQEPoUpdz2rimHwWTl.webp,12302860,,,,,,,,,,,,,,,,,,,,,,,,,No,,,0,,,,0,,0,,0,0,4.5,0,Push
Sonia CitronFreeThrowsMade,Sonia CitronFreeThrowsMade4,WNBA,238241,Sonia Citron,G,WAS,Free Throws Made,4,N/A,5/24/2026,12/30/1899,pre_game,WNBA,standard,https://static.prizepicks.com/images/players/WNBA/Sonia_Citron_WNBA_player_Cu5wEbcQEPoUpdz2rimHwWTl.webp,12302835,,,,,,,,,,,,,,,,,,,,,,,,,No,,,0,,,,0,,0,,0,0,4.25,4.5,Push
Sonia Citron3-PTAttempted,Sonia Citron3-PTAttempted4,WNBA,238241,Sonia Citron,G,WAS,3-PT Attempted,4,N/A,5/24/2026,12/30/1899,pre_game,WNBA,standard,https://static.prizepicks.com/images/players/WNBA/Sonia_Citron_WNBA_player_Cu5wEbcQEPoUpdz2rimHwWTl.webp,12302850,,,,,,,,,,,,,,,,,,,,,,,,,No,,,0,,,,0,,0,,0,0,4,0,Push
Natisha Hiedeman3-PTAttempted,Natisha Hiedeman3-PTAttempted4,WNBA,317046,Natisha Hiedeman,G,SEA,3-PT Attempted,4,N/A,5/24/2026,12/30/1899,pre_game,WNBA,standard,https://static.prizepicks.com/images/manual/NatishaHiedman.png,12302853,,,,,,,,,No,4.6,156.4,,,,,,,,,,,,,,No,IND,20.69,24,,,,0,,0,,0,0,4,0,Push
Natisha HiedemanTwoPointersMade,Natisha HiedemanTwoPointersMade4,WNBA,317046,Natisha Hiedeman,G,SEA,Two Pointers Made,4,N/A,5/24/2026,12/30/1899,pre_game,WNBA,standard,https://static.prizepicks.com/images/manual/NatishaHiedman.png,12302863,,,,,,,,,No,4.6,156.4,,,,,,,,,,,,,,No,IND,20.69,24,,,,0,5,-0.0456,under,0,-0.05,4,0,Push
Sonia CitronRebounds,Sonia CitronRebounds3.5,WNBA,238241,Sonia Citron,G,WAS,Rebounds,3.5,N/A,5/24/2026,12/30/1899,pre_game,WNBA,standard,https://static.prizepicks.com/images/players/WNBA/Sonia_Citron_WNBA_player_Cu5wEbcQEPoUpdz2rimHwWTl.webp,12297646,3.5,50.36,49.64,-8.17,50.36,Over,https://www.freeiconspng.com/img/1934,,,,,Mystics @ Storm,2026-05-24T22:00:00Z,Sun 06:00pm,N/A,N/A,Amazon Prime Video,,,5/24/2026,3.5252,,,,No,,,0,50.722592,49.277408,50.722592,3.53,,0,,3.53,3.53,3.52,3.5,Push
Shakira AustinFreeThrowsMade,Shakira AustinFreeThrowsMade3.5,WNBA,64392,Shakira Austin,C,WAS,Free Throws Made,3.5,N/A,5/24/2026,12/30/1899,pre_game,WNBA,standard,https://static.prizepicks.com/images/players/WNBA/Shakira_Austin_WNBA_player_MA9Pc3OblxHKTZfe7e7MWhC7.webp,12302836,,,,,,,,,,,,,,,,,,,,,,,,,No,,,0,,,,0,,0,,0,0,3.5,3.5,Push
Kiki IriafenFreeThrowsMade,Kiki IriafenFreeThrowsMade3.5,WNBA,238169,Kiki Iriafen,F,WAS,Free Throws Made,3.5,N/A,5/24/2026,12/30/1899,pre_game,WNBA,standard,https://static.prizepicks.com/images/players/WNBA/Kiki_Iriafen_WNBA_player_rpWzpNGkFkgVDdBVjShUvIzB.webp,12302837,,,,,,,,,,,,,,,,,,,,,,,,,No,,,0,,,,0,,0,,0,0,3.5,3.5,Push
Flau'jae Johnson3-PTAttempted,Flau'jae Johnson3-PTAttempted3.5,WNBA,316729,Flau'jae Johnson,G,SEA,3-PT Attempted,3.5,N/A,5/24/2026,12/30/1899,pre_game,WNBA,standard,https://static.prizepicks.com/images/manual/FlaujaeJohnson.png,12302849,,,,,,,,,No,4.6,156.4,,,,,,,,,,,,,,No,IND,29.18,29,,,,0,,0,,0,0,3.5,0,Push
Flau'jae JohnsonTwoPointersMade,Flau'jae JohnsonTwoPointersMade3.5,WNBA,316729,Flau'jae Johnson,G,SEA,Two Pointers Made,3.5,N/A,5/24/2026,12/30/1899,pre_game,WNBA,standard,https://static.prizepicks.com/images/manual/FlaujaeJohnson.png,12302859,,,,,,,,,No,4.6,156.4,,,,,,,,,,,,,,No,IND,29.18,29,,,,0,5,-0.0456,under,0,-0.05,3.5,0,Push
Jade MelbourneAssists,Jade MelbourneAssists3.5,WNBA,142457,Jade Melbourne,G,SEA,Assists,3.5,N/A,5/24/2026,12/30/1899,pre_game,WNBA,standard,https://static.prizepicks.com/images/manual/JadeMelburne.png,12304530,3.5,51.61,48.39,-9.42,51.61,Over,https://www.freeiconspng.com/img/1934,,No,4.6,156.4,,,,,,,,,,3.6127,,,,No,IND,22.07,25,53.271842,46.728158,53.271842,3.61,11,-0.0422,under,3.61,3.57,3.57,0,Push
Kiki IriafenOffensiveRebounds,Kiki IriafenOffensiveRebounds3,WNBA,238169,Kiki Iriafen,F,WAS,Offensive Rebounds,3,N/A,5/24/2026,12/30/1899,pre_game,WNBA,standard,https://static.prizepicks.com/images/players/WNBA/Kiki_Iriafen_WNBA_player_rpWzpNGkFkgVDdBVjShUvIzB.webp,12302256,,,,,,,,,,,,,,,,,,,,,,,,,No,,,0,,,,0,,0,,0,0,3.25,3.5,Push
Flau'jae JohnsonTurnovers,Flau'jae JohnsonTurnovers2,WNBA,316729,Flau'jae Johnson,G,SEA,Turnovers,2,N/A,5/24/2026,12/30/1899,pre_game,WNBA,standard,https://static.prizepicks.com/images/manual/FlaujaeJohnson.png,12302506,,,,,,,,,No,4.6,156.4,,,,,,,,,,,,,,No,IND,29.18,29,,,,0,5,-0.0456,under,0,-0.05,2,0,Push
Natisha HiedemanFreeThrowsAttempted,Natisha HiedemanFreeThrowsAttempted2,WNBA,317046,Natisha Hiedeman,G,SEA,Free Throws Attempted,2,N/A,5/24/2026,12/30/1899,pre_game,WNBA,standard,https://static.prizepicks.com/images/manual/NatishaHiedman.png,12302858,,,,,,,,,No,4.6,156.4,,,,,,,,,,,,,,No,IND,20.69,24,,,,0,5,-0.0456,under,0,-0.05,2,0,Push
Shakira AustinOffensiveRebounds,Shakira AustinOffensiveRebounds1.5,WNBA,64392,Shakira Austin,C,WAS,Offensive Rebounds,1.5,N/A,5/24/2026,12/30/1899,pre_game,WNBA,standard,https://static.prizepicks.com/images/players/WNBA/Shakira_Austin_WNBA_player_MA9Pc3OblxHKTZfe7e7MWhC7.webp,12302257,,,,,,,,,,,,,,,,,,,,,,,,,No,,,0,,,,0,,0,,0,0,1.5,1.5,Push
Natisha HiedemanFreeThrowsMade,Natisha HiedemanFreeThrowsMade1.5,WNBA,317046,Natisha Hiedeman,G,SEA,Free Throws Made,1.5,N/A,5/24/2026,12/30/1899,pre_game,WNBA,standard,https://static.prizepicks.com/images/manual/NatishaHiedman.png,12302838,,,,,,,,,No,4.6,156.4,,,,,,,,,,,,,,No,IND,20.69,24,,,,0,5,-0.0456,under,0,-0.05,1.5,1.5,Push
Kiki Iriafen3-PTAttempted,Kiki Iriafen3-PTAttempted0.5,WNBA,238169,Kiki Iriafen,F,WAS,3-PT Attempted,0.5,N/A,5/24/2026,12/30/1899,pre_game,WNBA,standard,https://static.prizepicks.com/images/players/WNBA/Kiki_Iriafen_WNBA_player_rpWzpNGkFkgVDdBVjShUvIzB.webp,12302852,,,,,,,,,,,,,,,,,,,,,,,,,No,,,0,,,,0,,0,,0,0,0.5,0,Push
Veronica BurtonPts+Rebs+Asts,Veronica BurtonPts+Rebs+Asts25,WNBA,238261,Veronica Burton,G,GSV,Pts+Rebs+Asts,25,N/A,5/25/2026,12/30/1899,pre_game,WNBA,standard,https://static.prizepicks.com/images/players/WNBA/Veronica_Burton_WNBA_player_PgQhWXIUPjwd5ndjpucEaD8E.webp,12296388,25.13,50.1,49.9,-7.35,50.1,Over,https://www.freeiconspng.com/img/1934,,,,,Sun @ Valkyries,2026-05-26T02:00:00Z,Mon 10:00pm,N/A,N/A,,,,5/25/2026,25.1803,,,,No,,,0,50.4613212,49.5386788,50.4613212,25.18,,0,,25.18,25.18,25.14,0,Push
Veronica BurtonPts+Asts,Veronica BurtonPts+Asts22.5,WNBA,238261,Veronica Burton,G,GSV,Pts+Asts,22.5,N/A,5/25/2026,12/30/1899,pre_game,WNBA,standard,https://static.prizepicks.com/images/players/WNBA/Veronica_Burton_WNBA_player_PgQhWXIUPjwd5ndjpucEaD8E.webp,12302105,22.5,48.39,51.61,,51.61,Under,https://www.freeiconspng.com/img/1934,,,,,Sun @ Valkyries,2026-05-26T02:00:00Z,Mon 10:00pm,N/A,N/A,,,,5/25/2026,21.7755,,,,No,,,0,46.831842,53.168158,53.168158,21.78,,0,,21.78,21.78,21.96,0,Push
Veronica BurtonPts+Rebs,Veronica BurtonPts+Rebs18,WNBA,238261,Veronica Burton,G,GSV,Pts+Rebs,18,N/A,5/25/2026,12/30/1899,pre_game,WNBA,standard,https://static.prizepicks.com/images/players/WNBA/Veronica_Burton_WNBA_player_PgQhWXIUPjwd5ndjpucEaD8E.webp,12296387,17.75,51.41,48.59,,51.41,Over,https://www.freeiconspng.com/img/1934,,,,,Sun @ Valkyries,2026-05-26T02:00:00Z,Mon 10:00pm,N/A,N/A,,,,5/25/2026,18.2506,,,,No,,,0,52.12574144,47.87425856,52.12574144,18.25,,0,,18.25,18.25,18.19,0,Push
Veronica BurtonPoints,Veronica BurtonPoints14.5,WNBA,238261,Veronica Burton,G,GSV,Points,14.5,N/A,5/25/2026,12/30/1899,pre_game,WNBA,standard,https://static.prizepicks.com/images/players/WNBA/Veronica_Burton_WNBA_player_PgQhWXIUPjwd5ndjpucEaD8E.webp,12296385,14.5,50.55,49.45,-5.01,50.55,Over,https://www.freeiconspng.com/img/1934,,,,,Sun @ Valkyries,2026-05-26T02:00:00Z,Mon 10:00pm,N/A,N/A,,,,5/25/2026,14.6595,,,,No,,,0,51.10605,48.89395,51.10605,14.66,,0,,14.66,14.66,14.6,14.5,Push
Veronica Burton3-PTMade,Veronica Burton3-PTMade1.5,WNBA,238261,Veronica Burton,G,GSV,3-PT Made,1.5,N/A,5/25/2026,12/30/1899,pre_game,WNBA,standard,https://static.prizepicks.com/images/players/WNBA/Veronica_Burton_WNBA_player_PgQhWXIUPjwd5ndjpucEaD8E.webp,12302104,,,,,,,,,,,,,,,,,,,,,,,,,No,,,0,,,,0,,0,,0,0,1.5,0,Push
Kiki IriafenPts+Rebs,Kiki IriafenPts+Rebs34.5,WNBA,238169,Kiki Iriafen,F,WAS,Pts+Rebs,34.5,TRUE,5/24/2026,12/30/1899,pre_game,WNBA,demon,https://static.prizepicks.com/images/players/WNBA/Kiki_Iriafen_WNBA_player_rpWzpNGkFkgVDdBVjShUvIzB.webp,12296679,25.5,49.69,50.31,-7.5,50.31,Under,https://www.freeiconspng.com/img/1934,,,,,Mystics @ Storm,2026-05-24T22:00:00Z,Sun 06:00pm,N/A,N/A,Amazon Prime Video,,,5/24/2026,25.3419,,,,No,,,0,36.49968148,63.50031852,63.50031852,25.34,,0,,25.34,25.34,27.63,0,Push
Sonia CitronPts+Rebs+Asts,Sonia CitronPts+Rebs+Asts34.5,WNBA,238241,Sonia Citron,G,WAS,Pts+Rebs+Asts,34.5,TRUE,5/24/2026,12/30/1899,pre_game,WNBA,demon,https://static.prizepicks.com/images/players/WNBA/Sonia_Citron_WNBA_player_Cu5wEbcQEPoUpdz2rimHwWTl.webp,12296691,23.5,50.05,49.95,-7.86,50.05,Over,https://www.freeiconspng.com/img/1934,,,,,Mystics @ Storm,2026-05-24T22:00:00Z,Sun 06:00pm,N/A,N/A,Amazon Prime Video,,,5/24/2026,23.5235,,,,No,,,0,34.12612101,65.87387899,65.87387899,23.52,,0,,23.52,23.52,26.27,0,Push
Kiki IriafenPts+Rebs,Kiki IriafenPts+Rebs29.5,WNBA,238169,Kiki Iriafen,F,WAS,Pts+Rebs,29.5,TRUE,5/24/2026,12/30/1899,pre_game,WNBA,demon,https://static.prizepicks.com/images/players/WNBA/Kiki_Iriafen_WNBA_player_rpWzpNGkFkgVDdBVjShUvIzB.webp,12296678,25.5,49.69,50.31,-7.5,50.31,Under,https://www.freeiconspng.com/img/1934,,,,,Mystics @ Storm,2026-05-24T22:00:00Z,Sun 06:00pm,N/A,N/A,Amazon Prime Video,,,5/24/2026,25.3419,,,,No,,,0,42.68606817,57.31393183,57.31393183,25.34,,0,,25.34,25.34,26.38,0,Push
Shakira AustinPts+Rebs,Shakira AustinPts+Rebs29.5,WNBA,64392,Shakira Austin,C,WAS,Pts+Rebs,29.5,TRUE,5/24/2026,12/30/1899,pre_game,WNBA,demon,https://static.prizepicks.com/images/players/WNBA/Shakira_Austin_WNBA_player_MA9Pc3OblxHKTZfe7e7MWhC7.webp,12296681,23.5,49.26,50.74,-7.07,50.74,Under,https://www.freeiconspng.com/img/1934,,,,,Mystics @ Storm,2026-05-24T22:00:00Z,Sun 06:00pm,N/A,N/A,Amazon Prime Video,,,5/24/2026,23.1522,,,,No,,,0,38.6602499,61.3397501,61.3397501,23.15,,0,,23.15,23.15,24.74,0,Push
Sonia CitronPts+Asts,Sonia CitronPts+Asts29.5,WNBA,238241,Sonia Citron,G,WAS,Pts+Asts,29.5,TRUE,5/24/2026,12/30/1899,pre_game,WNBA,demon,https://static.prizepicks.com/images/players/WNBA/Sonia_Citron_WNBA_player_Cu5wEbcQEPoUpdz2rimHwWTl.webp,12296685,19.5,51.23,48.77,-9.04,51.23,Over,https://www.freeiconspng.com/img/1934,,,,,Mystics @ Storm,2026-05-24T22:00:00Z,Sun 06:00pm,N/A,N/A,Amazon Prime Video,,,5/24/2026,19.9797,,,,No,,,0,34.6969502,65.3030498,65.3030498,19.98,,0,,19.98,19.98,22.36,0,Push
Sonia CitronPts+Rebs,Sonia CitronPts+Rebs29.5,WNBA,238241,Sonia Citron,G,WAS,Pts+Rebs,29.5,TRUE,5/24/2026,12/30/1899,pre_game,WNBA,demon,https://static.prizepicks.com/images/players/WNBA/Sonia_Citron_WNBA_player_Cu5wEbcQEPoUpdz2rimHwWTl.webp,12296688,20.86,50.92,49.08,-8.73,50.92,Over,https://www.freeiconspng.com/img/1934,,,,,Mystics @ Storm,2026-05-24T22:00:00Z,Sun 06:00pm,N/A,N/A,Amazon Prime Video,,,5/24/2026,21.2438,,,,No,,,0,36.66895919,63.33104081,63.33104081,21.24,,0,,21.24,21.24,23.31,0,Push
Sonia CitronPts+Rebs+Asts,Sonia CitronPts+Rebs+Asts29.5,WNBA,238241,Sonia Citron,G,WAS,Pts+Rebs+Asts,29.5,TRUE,5/24/2026,12/30/1899,pre_game,WNBA,demon,https://static.prizepicks.com/images/players/WNBA/Sonia_Citron_WNBA_player_Cu5wEbcQEPoUpdz2rimHwWTl.webp,12296690,23.5,50.05,49.95,-7.86,50.05,Over,https://www.freeiconspng.com/img/1934,,,,,Mystics @ Storm,2026-05-24T22:00:00Z,Sun 06:00pm,N/A,N/A,Amazon Prime Video,,,5/24/2026,23.5235,,,,No,,,0,39.91020932,60.08979068,60.08979068,23.52,,0,,23.52,23.52,25.02,0,Push
Sonia CitronPoints,Sonia CitronPoints24.5,WNBA,238241,Sonia Citron,G,WAS,Points,24.5,TRUE,5/24/2026,12/30/1899,pre_game,WNBA,demon,https://static.prizepicks.com/images/players/WNBA/Sonia_Citron_WNBA_player_Cu5wEbcQEPoUpdz2rimHwWTl.webp,12281264,17.5,48.25,51.75,-6.06,51.75,Under,https://www.freeiconspng.com/img/1934,,,,,Mystics @ Storm,2026-05-24T22:00:00Z,Sun 06:00pm,N/A,N/A,Amazon Prime Video,,,5/24/2026,16.8875,,,,No,,,0,33.25803571,66.74196429,66.74196429,16.89,,0,,16.89,16.89,18.53,17.5,Push
Sonia CitronPts+Asts,Sonia CitronPts+Asts24.5,WNBA,238241,Sonia Citron,G,WAS,Pts+Asts,24.5,TRUE,5/24/2026,12/30/1899,pre_game,WNBA,demon,https://static.prizepicks.com/images/players/WNBA/Sonia_Citron_WNBA_player_Cu5wEbcQEPoUpdz2rimHwWTl.webp,12296684,19.5,51.23,48.77,-9.04,51.23,Over,https://www.freeiconspng.com/img/1934,,,,,Mystics @ Storm,2026-05-24T22:00:00Z,Sun 06:00pm,N/A,N/A,Amazon Prime Video,,,5/24/2026,19.9797,,,,No,,,0,41.77796045,58.22203955,58.22203955,19.98,,0,,19.98,19.98,21.11,0,Push
Sonia CitronPts+Rebs,Sonia CitronPts+Rebs24.5,WNBA,238241,Sonia Citron,G,WAS,Pts+Rebs,24.5,TRUE,5/24/2026,12/30/1899,pre_game,WNBA,demon,https://static.prizepicks.com/images/players/WNBA/Sonia_Citron_WNBA_player_Cu5wEbcQEPoUpdz2rimHwWTl.webp,12296687,20.86,50.92,49.08,-8.73,50.92,Over,https://www.freeiconspng.com/img/1934,,,,,Mystics @ Storm,2026-05-24T22:00:00Z,Sun 06:00pm,N/A,N/A,Amazon Prime Video,,,5/24/2026,21.2438,,,,No,,,0,44.15242024,55.84757976,55.84757976,21.24,,0,,21.24,21.24,22.06,0,Push
Flau'jae JohnsonPts+Rebs,Flau'jae JohnsonPts+Rebs24.5,WNBA,316729,Flau'jae Johnson,G,SEA,Pts+Rebs,24.5,TRUE,5/24/2026,12/30/1899,pre_game,WNBA,demon,https://static.prizepicks.com/images/manual/FlaujaeJohnson.png,12297148,19.5,49.52,50.48,-7.33,50.48,Under,https://www.freeiconspng.com/img/1934,,No,4.6,156.4,Mystics @ Storm,2026-05-24T22:00:00Z,Sun 06:00pm,N/A,N/A,Amazon Prime Video,,,5/24/2026,19.3128,,,,No,IND,29.18,29,39.03550433,60.96449567,60.96449567,19.31,14,-0.0825,under,19.31,19.23,20.59,0,Push
Natisha HiedemanPts+Asts,Natisha HiedemanPts+Asts24.5,WNBA,317046,Natisha Hiedeman,G,SEA,Pts+Asts,24.5,TRUE,5/24/2026,12/30/1899,pre_game,WNBA,demon,https://static.prizepicks.com/images/manual/NatishaHiedman.png,12303739,18.5,48.57,51.43,,51.43,Under,https://www.freeiconspng.com/img/1934,,No,4.6,156.4,Mystics @ Storm,2026-05-24T22:00:00Z,Sun 06:00pm,N/A,N/A,Amazon Prime Video,,,5/24/2026,17.9709,,,,No,IND,20.69,24,35.62639237,64.37360763,64.37360763,17.97,5,-0.0456,under,17.97,17.93,19.59,0,Push
Sonia CitronPts+Rebs+Asts,Sonia CitronPts+Rebs+Asts24.5,WNBA,238241,Sonia Citron,G,WAS,Pts+Rebs+Asts,24.5,TRUE,5/24/2026,12/30/1899,pre_game,WNBA,demon,https://static.prizepicks.com/images/players/WNBA/Sonia_Citron_WNBA_player_Cu5wEbcQEPoUpdz2rimHwWTl.webp,12306546,23.5,50.05,49.95,-7.86,50.05,Over,https://www.freeiconspng.com/img/1934,,,,,Mystics @ Storm,2026-05-24T22:00:00Z,Sun 06:00pm,N/A,N/A,Amazon Prime Video,,,5/24/2026,23.5235,,,,No,,,0,48.05515,51.94485,51.94485,23.52,,0,,23.52,23.52,23.77,0,Push
Sonia CitronPoints,Sonia CitronPoints19.5,WNBA,238241,Sonia Citron,G,WAS,Points,19.5,TRUE,5/24/2026,12/30/1899,pre_game,WNBA,demon,https://static.prizepicks.com/images/players/WNBA/Sonia_Citron_WNBA_player_Cu5wEbcQEPoUpdz2rimHwWTl.webp,12281263,17.5,48.25,51.75,-6.06,51.75,Under,https://www.freeiconspng.com/img/1934,,,,,Mystics @ Storm,2026-05-24T22:00:00Z,Sun 06:00pm,N/A,N/A,Amazon Prime Video,,,5/24/2026,16.8875,,,,No,,,0,41.78573718,58.21426282,58.21426282,16.89,,0,,16.89,16.89,17.53,17.5,Push
Kiki IriafenPoints,Kiki IriafenPoints19.5,WNBA,238169,Kiki Iriafen,F,WAS,Points,19.5,TRUE,5/24/2026,12/30/1899,pre_game,WNBA,demon,https://static.prizepicks.com/images/players/WNBA/Kiki_Iriafen_WNBA_player_rpWzpNGkFkgVDdBVjShUvIzB.webp,12281507,14.5,50.59,49.41,-8.4,50.59,Over,https://www.freeiconspng.com/img/1934,,,,,Mystics @ Storm,2026-05-24T22:00:00Z,Sun 06:00pm,N/A,N/A,Amazon Prime Video,,,5/24/2026,14.6711,,,,No,,,0,38.06209995,61.93790005,61.93790005,14.67,,0,,14.67,14.67,15.6,14.5,Push
Shakira AustinPoints,Shakira AustinPoints19.5,WNBA,64392,Shakira Austin,C,WAS,Points,19.5,TRUE,5/24/2026,12/30/1899,pre_game,WNBA,demon,https://static.prizepicks.com/images/players/WNBA/Shakira_Austin_WNBA_player_MA9Pc3OblxHKTZfe7e7MWhC7.webp,12281516,14.5,51.56,48.44,-9.37,51.56,Over,https://www.freeiconspng.com/img/1934,,,,,Mystics @ Storm,2026-05-24T22:00:00Z,Sun 06:00pm,N/A,N/A,Amazon Prime Video,,,5/24/2026,14.9524,,,,No,,,0,39.53567918,60.46432082,60.46432082,14.95,,0,,14.95,14.95,15.77,14.5,Push
Flau'jae JohnsonPoints,Flau'jae JohnsonPoints19.5,WNBA,316729,Flau'jae Johnson,G,SEA,Points,19.5,TRUE,5/24/2026,12/30/1899,pre_game,WNBA,demon,https://static.prizepicks.com/images/manual/FlaujaeJohnson.png,12292638,14.29,48.63,51.37,-6.44,51.37,Under,https://www.freeiconspng.com/img/1934,,No,4.6,156.4,Mystics @ Storm,2026-05-24T22:00:00Z,Sun 06:00pm,N/A,N/A,Amazon Prime Video,,,5/24/2026,13.8985,,,,No,IND,29.18,29,34.66072077,65.33927923,65.33927923,13.9,7,0.1628,over,13.9,14.06,15.17,14.5,Push
Natisha HiedemanPoints,Natisha HiedemanPoints19.5,WNBA,317046,Natisha Hiedeman,G,SEA,Points,19.5,TRUE,5/24/2026,12/30/1899,pre_game,WNBA,demon,https://static.prizepicks.com/images/manual/NatishaHiedman.png,12292650,13.5,49.1,50.9,-6.91,50.9,Under,https://www.freeiconspng.com/img/1934,,No,4.6,156.4,Mystics @ Storm,2026-05-24T22:00:00Z,Sun 06:00pm,N/A,N/A,Amazon Prime Video,,,5/24/2026,13.257,,,,No,IND,20.69,24,33.38044615,66.61955385,66.61955385,13.26,7,0.1628,over,13.26,13.42,14.59,13.5,Push
Natisha HiedemanPts+Asts,Natisha HiedemanPts+Asts19.5,WNBA,317046,Natisha Hiedeman,G,SEA,Pts+Asts,19.5,TRUE,5/24/2026,12/30/1899,pre_game,WNBA,demon,https://static.prizepicks.com/images/manual/NatishaHiedman.png,12303738,18.5,48.57,51.43,,51.43,Under,https://www.freeiconspng.com/img/1934,,No,4.6,156.4,Mystics @ Storm,2026-05-24T22:00:00Z,Sun 06:00pm,N/A,N/A,Amazon Prime Video,,,5/24/2026,17.9709,,,,No,IND,20.69,24,44.76136477,55.23863523,55.23863523,17.97,5,-0.0456,under,17.97,17.93,18.34,0,Push
Jade MelbournePts+Asts,Jade MelbournePts+Asts19.5,WNBA,142457,Jade Melbourne,G,SEA,Pts+Asts,19.5,TRUE,5/24/2026,12/30/1899,pre_game,WNBA,demon,https://static.prizepicks.com/images/manual/JadeMelburne.png,12305064,14.5,50.65,49.35,-8.46,50.65,Over,https://www.freeiconspng.com/img/1934,,No,4.6,156.4,,,,,,,,,,14.6885,,,,No,IND,22.07,25,38.15243718,61.84756282,61.84756282,14.69,5,-0.0456,under,14.69,14.64,15.88,0,Push
Kiki IriafenPoints,Kiki IriafenPoints17.5,WNBA,238169,Kiki Iriafen,F,WAS,Points,17.5,TRUE,5/24/2026,12/30/1899,pre_game,WNBA,demon,https://static.prizepicks.com/images/players/WNBA/Kiki_Iriafen_WNBA_player_rpWzpNGkFkgVDdBVjShUvIzB.webp,12296357,14.5,50.59,49.41,-8.4,50.59,Over,https://www.freeiconspng.com/img/1934,,,,,Mystics @ Storm,2026-05-24T22:00:00Z,Sun 06:00pm,N/A,N/A,Amazon Prime Video,,,5/24/2026,14.6711,,,,No,,,0,42.41205423,57.58794577,57.58794577,14.67,,0,,14.67,14.67,15.2,14.5,Push
Shakira AustinPoints,Shakira AustinPoints17.5,WNBA,64392,Shakira Austin,C,WAS,Points,17.5,TRUE,5/24/2026,12/30/1899,pre_game,WNBA,demon,https://static.prizepicks.com/images/players/WNBA/Shakira_Austin_WNBA_player_MA9Pc3OblxHKTZfe7e7MWhC7.webp,12296362,14.5,51.56,48.44,-9.37,51.56,Over,https://www.freeiconspng.com/img/1934,,,,,Mystics @ Storm,2026-05-24T22:00:00Z,Sun 06:00pm,N/A,N/A,Amazon Prime Video,,,5/24/2026,14.9524,,,,No,,,0,44.05404251,55.94595749,55.94595749,14.95,,0,,14.95,14.95,15.37,14.5,Push
Flau'jae JohnsonPoints,Flau'jae JohnsonPoints17.5,WNBA,316729,Flau'jae Johnson,G,SEA,Points,17.5,TRUE,5/24/2026,12/30/1899,pre_game,WNBA,demon,https://static.prizepicks.com/images/manual/FlaujaeJohnson.png,12297146,14.29,48.63,51.37,-6.44,51.37,Under,https://www.freeiconspng.com/img/1934,,No,4.6,156.4,Mystics @ Storm,2026-05-24T22:00:00Z,Sun 06:00pm,N/A,N/A,Amazon Prime Video,,,5/24/2026,13.8985,,,,No,IND,29.18,29,38.621946,61.378054,61.378054,13.9,7,0.1628,over,13.9,14.06,14.77,14.5,Push
Natisha HiedemanPoints,Natisha HiedemanPoints17.5,WNBA,317046,Natisha Hiedeman,G,SEA,Points,17.5,TRUE,5/24/2026,12/30/1899,pre_game,WNBA,demon,https://static.prizepicks.com/images/manual/NatishaHiedman.png,12297151,13.5,49.1,50.9,-6.91,50.9,Under,https://www.freeiconspng.com/img/1934,,No,4.6,156.4,Mystics @ Storm,2026-05-24T22:00:00Z,Sun 06:00pm,N/A,N/A,Amazon Prime Video,,,5/24/2026,13.257,,,,No,IND,20.69,24,37.19535429,62.80464571,62.80464571,13.26,7,0.1628,over,13.26,13.42,14.19,13.5,Push
Jade MelbournePoints,Jade MelbournePoints17.5,WNBA,142457,Jade Melbourne,G,SEA,Points,17.5,TRUE,5/24/2026,12/30/1899,pre_game,WNBA,demon,https://static.prizepicks.com/images/manual/JadeMelburne.png,12305063,10.5,51.28,48.72,-9.09,51.28,Over,https://www.freeiconspng.com/img/1934,,No,4.6,156.4,,,,,,,,,,10.7688,,,,No,IND,22.07,25,31.5556608,68.4443392,68.4443392,10.77,7,0.1628,over,10.77,10.93,12.49,0,Push
Kiki IriafenPoints,Kiki IriafenPoints15.5,WNBA,238169,Kiki Iriafen,F,WAS,Points,15.5,TRUE,5/24/2026,12/30/1899,pre_game,WNBA,demon,https://static.prizepicks.com/images/players/WNBA/Kiki_Iriafen_WNBA_player_rpWzpNGkFkgVDdBVjShUvIzB.webp,12306335,14.5,50.59,49.41,-8.4,50.59,Over,https://www.freeiconspng.com/img/1934,,,,,Mystics @ Storm,2026-05-24T22:00:00Z,Sun 06:00pm,N/A,N/A,Amazon Prime Video,,,5/24/2026,14.6711,,,,No,,,0,47.88457735,52.11542265,52.11542265,14.67,,0,,14.67,14.67,14.8,14.5,Push
Natisha HiedemanPoints,Natisha HiedemanPoints14.5,WNBA,317046,Natisha Hiedeman,G,SEA,Points,14.5,TRUE,5/24/2026,12/30/1899,pre_game,WNBA,demon,https://static.prizepicks.com/images/manual/NatishaHiedman.png,12292649,13.5,49.1,50.9,-6.91,50.9,Under,https://www.freeiconspng.com/img/1934,,No,4.6,156.4,Mystics @ Storm,2026-05-24T22:00:00Z,Sun 06:00pm,N/A,N/A,Amazon Prime Video,,,5/24/2026,13.257,,,,No,IND,20.69,24,44.89094483,55.10905517,55.10905517,13.26,7,0.1628,over,13.26,13.42,13.59,13.5,Push
Kiki IriafenRebounds,Kiki IriafenRebounds14.5,WNBA,238169,Kiki Iriafen,F,WAS,Rebounds,14.5,TRUE,5/24/2026,12/30/1899,pre_game,WNBA,demon,https://static.prizepicks.com/images/players/WNBA/Kiki_Iriafen_WNBA_player_rpWzpNGkFkgVDdBVjShUvIzB.webp,12296360,10.5,49.61,50.39,-7.42,50.39,Under,https://www.freeiconspng.com/img/1934,,,,,Mystics @ Storm,2026-05-24T22:00:00Z,Sun 06:00pm,N/A,N/A,Amazon Prime Video,,,5/24/2026,10.4181,,,,No,,,0,35.64427179,64.35572821,64.35572821,10.42,,0,,10.42,10.42,11.25,10.5,Push
Jade MelbournePoints,Jade MelbournePoints14.5,WNBA,142457,Jade Melbourne,G,SEA,Points,14.5,TRUE,5/24/2026,12/30/1899,pre_game,WNBA,demon,https://static.prizepicks.com/images/manual/JadeMelburne.png,12304531,10.5,51.28,48.72,-9.09,51.28,Over,https://www.freeiconspng.com/img/1934,,No,4.6,156.4,,,,,,,,,,10.7688,,,,No,IND,22.07,25,38.08441821,61.91558179,61.91558179,10.77,7,0.1628,over,10.77,10.93,11.74,0,Push
Kiki IriafenRebounds,Kiki IriafenRebounds13.5,WNBA,238169,Kiki Iriafen,F,WAS,Rebounds,13.5,TRUE,5/24/2026,12/30/1899,pre_game,WNBA,demon,https://static.prizepicks.com/images/players/WNBA/Kiki_Iriafen_WNBA_player_rpWzpNGkFkgVDdBVjShUvIzB.webp,12281511,10.5,49.61,50.39,-7.42,50.39,Under,https://www.freeiconspng.com/img/1934,,,,,Mystics @ Storm,2026-05-24T22:00:00Z,Sun 06:00pm,N/A,N/A,Amazon Prime Video,,,5/24/2026,10.4181,,,,No,,,0,38.28458822,61.71541178,61.71541178,10.42,,0,,10.42,10.42,11.05,10.5,Push
Kiki IriafenRebounds,Kiki IriafenRebounds12.5,WNBA,238169,Kiki Iriafen,F,WAS,Rebounds,12.5,TRUE,5/24/2026,12/30/1899,pre_game,WNBA,demon,https://static.prizepicks.com/images/players/WNBA/Kiki_Iriafen_WNBA_player_rpWzpNGkFkgVDdBVjShUvIzB.webp,12296359,10.5,49.61,50.39,-7.42,50.39,Under,https://www.freeiconspng.com/img/1934,,,,,Mystics @ Storm,2026-05-24T22:00:00Z,Sun 06:00pm,N/A,N/A,Amazon Prime Video,,,5/24/2026,10.4181,,,,No,,,0,41.34735528,58.65264472,58.65264472,10.42,,0,,10.42,10.42,10.85,10.5,Push
Shakira AustinRebounds,Shakira AustinRebounds12.5,WNBA,64392,Shakira Austin,C,WAS,Rebounds,12.5,TRUE,5/24/2026,12/30/1899,pre_game,WNBA,demon,https://static.prizepicks.com/images/players/WNBA/Shakira_Austin_WNBA_player_MA9Pc3OblxHKTZfe7e7MWhC7.webp,12296365,8.35,45.56,54.44,,54.44,Under,https://www.freeiconspng.com/img/1934,,,,,Mystics @ Storm,2026-05-24T22:00:00Z,Sun 06:00pm,N/A,N/A,Amazon Prime Video,,,5/24/2026,7.6085,,,,No,,,0,27.7314608,72.2685392,72.2685392,7.61,,0,,7.61,7.61,8.77,8.5,Push
Kiki IriafenRebounds,Kiki IriafenRebounds11.5,WNBA,238169,Kiki Iriafen,F,WAS,Rebounds,11.5,TRUE,5/24/2026,12/30/1899,pre_game,WNBA,demon,https://static.prizepicks.com/images/players/WNBA/Kiki_Iriafen_WNBA_player_rpWzpNGkFkgVDdBVjShUvIzB.webp,12281510,10.5,49.61,50.39,-7.42,50.39,Under,https://www.freeiconspng.com/img/1934,,,,,Mystics @ Storm,2026-05-24T22:00:00Z,Sun 06:00pm,N/A,N/A,Amazon Prime Video,,,5/24/2026,10.4181,,,,No,,,0,44.94277748,55.05722252,55.05722252,10.42,,0,,10.42,10.42,10.65,10.5,Push
Shakira AustinRebounds,Shakira AustinRebounds11.5,WNBA,64392,Shakira Austin,C,WAS,Rebounds,11.5,TRUE,5/24/2026,12/30/1899,pre_game,WNBA,demon,https://static.prizepicks.com/images/players/WNBA/Shakira_Austin_WNBA_player_MA9Pc3OblxHKTZfe7e7MWhC7.webp,12281520,8.35,45.56,54.44,,54.44,Under,https://www.freeiconspng.com/img/1934,,,,,Mystics @ Storm,2026-05-24T22:00:00Z,Sun 06:00pm,N/A,N/A,Amazon Prime Video,,,5/24/2026,7.6085,,,,No,,,0,30.14289217,69.85710783,69.85710783,7.61,,0,,7.61,7.61,8.57,8.5,Push
Jade MelbournePoints,Jade MelbournePoints11.5,WNBA,142457,Jade Melbourne,G,SEA,Points,11.5,TRUE,5/24/2026,12/30/1899,pre_game,WNBA,demon,https://static.prizepicks.com/images/manual/JadeMelburne.png,12305304,10.5,51.28,48.72,-9.09,51.28,Over,https://www.freeiconspng.com/img/1934,,No,4.6,156.4,,,,,,,,,,10.7688,,,,No,IND,22.07,25,48.01948383,51.98051617,51.98051617,10.77,7,0.1628,over,10.77,10.93,10.99,0,Push
Shakira AustinRebounds,Shakira AustinRebounds10.5,WNBA,64392,Shakira Austin,C,WAS,Rebounds,10.5,TRUE,5/24/2026,12/30/1899,pre_game,WNBA,demon,https://static.prizepicks.com/images/players/WNBA/Shakira_Austin_WNBA_player_MA9Pc3OblxHKTZfe7e7MWhC7.webp,12296364,8.35,45.56,54.44,,54.44,Under,https://www.freeiconspng.com/img/1934,,,,,Mystics @ Storm,2026-05-24T22:00:00Z,Sun 06:00pm,N/A,N/A,Amazon Prime Video,,,5/24/2026,7.6085,,,,No,,,0,33.01364381,66.98635619,66.98635619,7.61,,0,,7.61,7.61,8.37,8.5,Push
Shakira AustinRebounds,Shakira AustinRebounds9.5,WNBA,64392,Shakira Austin,C,WAS,Rebounds,9.5,TRUE,5/24/2026,12/30/1899,pre_game,WNBA,demon,https://static.prizepicks.com/images/players/WNBA/Shakira_Austin_WNBA_player_MA9Pc3OblxHKTZfe7e7MWhC7.webp,12281519,8.35,45.56,54.44,,54.44,Under,https://www.freeiconspng.com/img/1934,,,,,Mystics @ Storm,2026-05-24T22:00:00Z,Sun 06:00pm,N/A,N/A,Amazon Prime Video,,,5/24/2026,7.6085,,,,No,,,0,36.48876421,63.51123579,63.51123579,7.61,,0,,7.61,7.61,8.17,8.5,Push
Flau'jae JohnsonRebounds,Flau'jae JohnsonRebounds8.5,WNBA,316729,Flau'jae Johnson,G,SEA,Rebounds,8.5,TRUE,5/24/2026,12/30/1899,pre_game,WNBA,demon,https://static.prizepicks.com/images/manual/FlaujaeJohnson.png,12297150,4.83,52.41,47.59,-10.22,52.41,Over,https://www.freeiconspng.com/img/1934,,No,4.6,156.4,Mystics @ Storm,2026-05-24T22:00:00Z,Sun 06:00pm,N/A,N/A,Amazon Prime Video,,,5/24/2026,5.0628,,,,No,IND,29.18,29,31.21662918,68.78337082,68.78337082,5.06,14,-0.0825,under,5.06,4.98,5.62,4.5,Push
Flau'jae JohnsonRebounds,Flau'jae JohnsonRebounds7.5,WNBA,316729,Flau'jae Johnson,G,SEA,Rebounds,7.5,TRUE,5/24/2026,12/30/1899,pre_game,WNBA,demon,https://static.prizepicks.com/images/manual/FlaujaeJohnson.png,12292643,4.83,52.41,47.59,-10.22,52.41,Over,https://www.freeiconspng.com/img/1934,,No,4.6,156.4,Mystics @ Storm,2026-05-24T22:00:00Z,Sun 06:00pm,N/A,N/A,Amazon Prime Video,,,5/24/2026,5.0628,,,,No,IND,29.18,29,35.3788464,64.6211536,64.6211536,5.06,14,-0.0825,under,5.06,4.98,5.42,4.5,Push
Natisha HiedemanAssists,Natisha HiedemanAssists7.5,WNBA,317046,Natisha Hiedeman,G,SEA,Assists,7.5,TRUE,5/24/2026,12/30/1899,pre_game,WNBA,demon,https://static.prizepicks.com/images/manual/NatishaHiedman.png,12304364,4.5,44.52,55.48,,55.48,Under,https://www.freeiconspng.com/img/1934,,No,4.6,156.4,Mystics @ Storm,2026-05-24T22:00:00Z,Sun 06:00pm,N/A,N/A,Amazon Prime Video,,,5/24/2026,4.0068,,,,No,IND,20.69,24,23.7843648,76.2156352,76.2156352,4.01,11,-0.0422,under,4.01,3.96,4.87,0,Push
Sonia CitronRebs+Asts,Sonia CitronRebs+Asts6.5,WNBA,238241,Sonia Citron,G,WAS,Rebs+Asts,6.5,TRUE,5/24/2026,12/30/1899,pre_game,WNBA,demon,https://static.prizepicks.com/images/players/WNBA/Sonia_Citron_WNBA_player_Cu5wEbcQEPoUpdz2rimHwWTl.webp,12285802,6.25,47.45,52.55,-5.26,52.55,Under,https://www.freeiconspng.com/img/1934,,,,,Mystics @ Storm,2026-05-24T22:00:00Z,Sun 06:00pm,N/A,N/A,Amazon Prime Video,,,5/24/2026,5.9313,,,,No,,,0,43.29849,56.70151,56.70151,5.93,,0,,5.93,5.93,6.07,0,Push
Sonia CitronRebounds,Sonia CitronRebounds6.5,WNBA,238241,Sonia Citron,G,WAS,Rebounds,6.5,TRUE,5/24/2026,12/30/1899,pre_game,WNBA,demon,https://static.prizepicks.com/images/players/WNBA/Sonia_Citron_WNBA_player_Cu5wEbcQEPoUpdz2rimHwWTl.webp,12296368,3.5,50.36,49.64,-8.17,50.36,Over,https://www.freeiconspng.com/img/1934,,,,,Mystics @ Storm,2026-05-24T22:00:00Z,Sun 06:00pm,N/A,N/A,Amazon Prime Video,,,5/24/2026,3.5252,,,,No,,,0,27.31216492,72.68783508,72.68783508,3.53,,0,,3.53,3.53,4.12,3.5,Push
Flau'jae JohnsonRebounds,Flau'jae JohnsonRebounds6.5,WNBA,316729,Flau'jae Johnson,G,SEA,Rebounds,6.5,TRUE,5/24/2026,12/30/1899,pre_game,WNBA,demon,https://static.prizepicks.com/images/manual/FlaujaeJohnson.png,12297149,4.83,52.41,47.59,-10.22,52.41,Over,https://www.freeiconspng.com/img/1934,,No,4.6,156.4,Mystics @ Storm,2026-05-24T22:00:00Z,Sun 06:00pm,N/A,N/A,Amazon Prime Video,,,5/24/2026,5.0628,,,,No,IND,29.18,29,40.82174585,59.17825415,59.17825415,5.06,14,-0.0825,under,5.06,4.98,5.22,4.5,Push
Natisha HiedemanAssists,Natisha HiedemanAssists6.5,WNBA,317046,Natisha Hiedeman,G,SEA,Assists,6.5,TRUE,5/24/2026,12/30/1899,pre_game,WNBA,demon,https://static.prizepicks.com/images/manual/NatishaHiedman.png,12303735,4.5,44.52,55.48,,55.48,Under,https://www.freeiconspng.com/img/1934,,No,4.6,156.4,Mystics @ Storm,2026-05-24T22:00:00Z,Sun 06:00pm,N/A,N/A,Amazon Prime Video,,,5/24/2026,4.0068,,,,No,IND,20.69,24,27.44349785,72.55650215,72.55650215,4.01,11,-0.0422,under,4.01,3.96,4.62,0,Push
Jade MelbourneAssists,Jade MelbourneAssists6.5,WNBA,142457,Jade Melbourne,G,SEA,Assists,6.5,TRUE,5/24/2026,12/30/1899,pre_game,WNBA,demon,https://static.prizepicks.com/images/manual/JadeMelburne.png,12305303,3.5,51.61,48.39,-9.42,51.61,Over,https://www.freeiconspng.com/img/1934,,No,4.6,156.4,,,,,,,,,,3.6127,,,,No,IND,22.07,25,28.684838,71.315162,71.315162,3.61,11,-0.0422,under,3.61,3.57,4.32,0,Push
Sonia CitronRebounds,Sonia CitronRebounds5.5,WNBA,238241,Sonia Citron,G,WAS,Rebounds,5.5,TRUE,5/24/2026,12/30/1899,pre_game,WNBA,demon,https://static.prizepicks.com/images/players/WNBA/Sonia_Citron_WNBA_player_Cu5wEbcQEPoUpdz2rimHwWTl.webp,12281270,3.5,50.36,49.64,-8.17,50.36,Over,https://www.freeiconspng.com/img/1934,,,,,Mystics @ Storm,2026-05-24T22:00:00Z,Sun 06:00pm,N/A,N/A,Amazon Prime Video,,,5/24/2026,3.5252,,,,No,,,0,32.27801309,67.72198691,67.72198691,3.53,,0,,3.53,3.53,3.92,3.5,Push
Flau'jae JohnsonRebounds,Flau'jae JohnsonRebounds5.5,WNBA,316729,Flau'jae Johnson,G,SEA,Rebounds,5.5,TRUE,5/24/2026,12/30/1899,pre_game,WNBA,demon,https://static.prizepicks.com/images/manual/FlaujaeJohnson.png,12292642,4.83,52.41,47.59,-10.22,52.41,Over,https://www.freeiconspng.com/img/1934,,No,4.6,156.4,Mystics @ Storm,2026-05-24T22:00:00Z,Sun 06:00pm,N/A,N/A,Amazon Prime Video,,,5/24/2026,5.0628,,,,No,IND,29.18,29,48.24388145,51.75611855,51.75611855,5.06,14,-0.0825,under,5.06,4.98,5.02,4.5,Push
Natisha HiedemanAssists,Natisha HiedemanAssists5.5,WNBA,317046,Natisha Hiedeman,G,SEA,Assists,5.5,TRUE,5/24/2026,12/30/1899,pre_game,WNBA,demon,https://static.prizepicks.com/images/manual/NatishaHiedman.png,12303734,4.5,44.52,55.48,,55.48,Under,https://www.freeiconspng.com/img/1934,,No,4.6,156.4,Mystics @ Storm,2026-05-24T22:00:00Z,Sun 06:00pm,N/A,N/A,Amazon Prime Video,,,5/24/2026,4.0068,,,,No,IND,20.69,24,32.43322473,67.56677527,67.56677527,4.01,11,-0.0422,under,4.01,3.96,4.37,0,Push
Jade MelbourneAssists,Jade MelbourneAssists5.5,WNBA,142457,Jade Melbourne,G,SEA,Assists,5.5,TRUE,5/24/2026,12/30/1899,pre_game,WNBA,demon,https://static.prizepicks.com/images/manual/JadeMelburne.png,12304529,3.5,51.61,48.39,-9.42,51.61,Over,https://www.freeiconspng.com/img/1934,,No,4.6,156.4,,,,,,,,,,3.6127,,,,No,IND,22.07,25,33.90026309,66.09973691,66.09973691,3.61,11,-0.0422,under,3.61,3.57,4.07,0,Push
Sonia CitronRebounds,Sonia CitronRebounds4.5,WNBA,238241,Sonia Citron,G,WAS,Rebounds,4.5,TRUE,5/24/2026,12/30/1899,pre_game,WNBA,demon,https://static.prizepicks.com/images/players/WNBA/Sonia_Citron_WNBA_player_Cu5wEbcQEPoUpdz2rimHwWTl.webp,12296367,3.5,50.36,49.64,-8.17,50.36,Over,https://www.freeiconspng.com/img/1934,,,,,Mystics @ Storm,2026-05-24T22:00:00Z,Sun 06:00pm,N/A,N/A,Amazon Prime Video,,,5/24/2026,3.5252,,,,No,,,0,39.45090489,60.54909511,60.54909511,3.53,,0,,3.53,3.53,3.72,3.5,Push
Sonia CitronAssists,Sonia CitronAssists4.5,WNBA,238241,Sonia Citron,G,WAS,Assists,4.5,TRUE,5/24/2026,12/30/1899,pre_game,WNBA,demon,https://static.prizepicks.com/images/players/WNBA/Sonia_Citron_WNBA_player_Cu5wEbcQEPoUpdz2rimHwWTl.webp,12296683,2.5,46.6,53.4,,53.4,Under,https://www.freeiconspng.com/img/1934,,,,,Mystics @ Storm,2026-05-24T22:00:00Z,Sun 06:00pm,N/A,N/A,Amazon Prime Video,,,5/24/2026,2.33,,,,No,,,0,24.12844444,75.87155556,75.87155556,2.33,,0,,2.33,2.33,2.8,2.5,Push
Jade MelbourneAssists,Jade MelbourneAssists4.5,WNBA,142457,Jade Melbourne,G,SEA,Assists,4.5,TRUE,5/24/2026,12/30/1899,pre_game,WNBA,demon,https://static.prizepicks.com/images/manual/JadeMelburne.png,12305061,3.5,51.61,48.39,-9.42,51.61,Over,https://www.freeiconspng.com/img/1934,,No,4.6,156.4,,,,,,,,,,3.6127,,,,No,IND,22.07,25,41.43365489,58.56634511,58.56634511,3.61,11,-0.0422,under,3.61,3.57,3.82,0,Push
Sonia CitronAssists,Sonia CitronAssists3.5,WNBA,238241,Sonia Citron,G,WAS,Assists,3.5,TRUE,5/24/2026,12/30/1899,pre_game,WNBA,demon,https://static.prizepicks.com/images/players/WNBA/Sonia_Citron_WNBA_player_Cu5wEbcQEPoUpdz2rimHwWTl.webp,12281257,2.5,46.6,53.4,,53.4,Under,https://www.freeiconspng.com/img/1934,,,,,Mystics @ Storm,2026-05-24T22:00:00Z,Sun 06:00pm,N/A,N/A,Amazon Prime Video,,,5/24/2026,2.33,,,,No,,,0,31.02228571,68.97771429,68.97771429,2.33,,0,,2.33,2.33,2.6,2.5,Push
Cotie McMahonPoints-1st3Minutes,Cotie McMahonPoints-1st3Minutes3.5,WNBA,318611,Cotie McMahon,G,WAS,Points - 1st 3 Minutes,3.5,TRUE,5/24/2026,12/30/1899,pre_game,WNBA,demon,https://static.prizepicks.com/images/players/WNBA/Cotie_McMahon_WNBA_player_Uetgv8e0LMsObpG07GPeeVQa.webp,12300119,,,,,,,,,,,,,,,,,,,,,,,,,No,,,0,,,,0,,0,,0,0,3.5,0,Push
Flau'jae JohnsonPoints-1st3Minutes,Flau'jae JohnsonPoints-1st3Minutes3.5,WNBA,316729,Flau'jae Johnson,G,SEA,Points - 1st 3 Minutes,3.5,TRUE,5/24/2026,12/30/1899,pre_game,WNBA,demon,https://static.prizepicks.com/images/manual/FlaujaeJohnson.png,12300121,,,,,,,,,No,4.6,156.4,,,,,,,,,,,,,,No,IND,29.18,29,,,,0,7,0.1628,over,0,0.16,1.83,0,Push
Georgia AmoorePoints-1st3Minutes,Georgia AmoorePoints-1st3Minutes3.5,WNBA,317129,Georgia Amoore,G,WAS,Points - 1st 3 Minutes,3.5,TRUE,5/24/2026,12/30/1899,pre_game,WNBA,demon,https://static.prizepicks.com/images/players/WNBA/Georgia_Amoore_WNBA_player_3OmmlgIgu7geCDaxC6In7pGu.webp,12300123,,,,,,,,,,,,,,,,,,,,,,,,,No,,,0,,,,0,,0,,0,0,3.5,0,Push
Jade MelbournePoints-1st3Minutes,Jade MelbournePoints-1st3Minutes3.5,WNBA,142457,Jade Melbourne,G,SEA,Points - 1st 3 Minutes,3.5,TRUE,5/24/2026,12/30/1899,pre_game,WNBA,demon,https://static.prizepicks.com/images/manual/JadeMelburne.png,12300125,,,,,,,,,No,4.6,156.4,,,,,,,,,,,,,,No,IND,22.07,25,,,,0,7,0.1628,over,0,0.16,1.83,0,Push
Jordan HorstonPoints-1st3Minutes,Jordan HorstonPoints-1st3Minutes3.5,WNBA,142493,Jordan Horston,F,SEA,Points - 1st 3 Minutes,3.5,TRUE,5/24/2026,12/30/1899,pre_game,WNBA,demon,https://static.prizepicks.com/images/players/WNBA/Jordan_Horston_WNBA_player_adDR6x2R71QuOWdJB61kx1b4.webp,12300127,,,,,,,,,No,4.6,156.4,,,,,,,,,,,,,,No,IND,17.06,18,,,,0,7,0.1628,over,0,0.16,1.83,0,Push
Kiki IriafenPoints-1st3Minutes,Kiki IriafenPoints-1st3Minutes3.5,WNBA,238169,Kiki Iriafen,F,WAS,Points - 1st 3 Minutes,3.5,TRUE,5/24/2026,12/30/1899,pre_game,WNBA,demon,https://static.prizepicks.com/images/players/WNBA/Kiki_Iriafen_WNBA_player_rpWzpNGkFkgVDdBVjShUvIzB.webp,12300128,,,,,,,,,,,,,,,,,,,,,,,,,No,,,0,,,,0,,0,,0,0,3.5,0,Push
Natisha HiedemanPoints-1st3Minutes,Natisha HiedemanPoints-1st3Minutes3.5,WNBA,317046,Natisha Hiedeman,G,SEA,Points - 1st 3 Minutes,3.5,TRUE,5/24/2026,12/30/1899,pre_game,WNBA,demon,https://static.prizepicks.com/images/manual/NatishaHiedman.png,12300131,,,,,,,,,No,4.6,156.4,,,,,,,,,,,,,,No,IND,20.69,24,,,,0,7,0.1628,over,0,0.16,1.83,0,Push
Shakira AustinPoints-1st3Minutes,Shakira AustinPoints-1st3Minutes3.5,WNBA,64392,Shakira Austin,C,WAS,Points - 1st 3 Minutes,3.5,TRUE,5/24/2026,12/30/1899,pre_game,WNBA,demon,https://static.prizepicks.com/images/players/WNBA/Shakira_Austin_WNBA_player_MA9Pc3OblxHKTZfe7e7MWhC7.webp,12300132,,,,,,,,,,,,,,,,,,,,,,,,,No,,,0,,,,0,,0,,0,0,3.5,0,Push
Sonia CitronPoints-1st3Minutes,Sonia CitronPoints-1st3Minutes3.5,WNBA,238241,Sonia Citron,G,WAS,Points - 1st 3 Minutes,3.5,TRUE,5/24/2026,12/30/1899,pre_game,WNBA,demon,https://static.prizepicks.com/images/players/WNBA/Sonia_Citron_WNBA_player_Cu5wEbcQEPoUpdz2rimHwWTl.webp,12300134,,,,,,,,,,,,,,,,,,,,,,,,,No,,,0,,,,0,,0,,0,0,3.5,0,Push
Stefanie DolsonPoints-1st3Minutes,Stefanie DolsonPoints-1st3Minutes3.5,WNBA,317342,Stefanie Dolson,C,SEA,Points - 1st 3 Minutes,3.5,TRUE,5/24/2026,12/30/1899,pre_game,WNBA,demon,https://static.prizepicks.com/images/manual/Stefanie Dolson SEA.png,12300136,,,,,,,,,No,4.6,156.4,,,,,,,,,,,,,,No,IND,21.43,25,,,,0,7,0.1628,over,0,0.16,1.83,0,Push
Sonia CitronQuarterswith3+Points,Sonia CitronQuarterswith3+Points3.5,WNBA,238241,Sonia Citron,G,WAS,Quarters with 3+ Points,3.5,TRUE,5/24/2026,12/30/1899,pre_game,WNBA,demon,https://static.prizepicks.com/images/players/WNBA/Sonia_Citron_WNBA_player_Cu5wEbcQEPoUpdz2rimHwWTl.webp,12303035,,,,,,,,,,,,,,,,,,,,,,,,,No,,,0,,,,0,,0,,0,0,3.5,0,Push
Kiki IriafenQuarterswith3+Points,Kiki IriafenQuarterswith3+Points3.5,WNBA,238169,Kiki Iriafen,F,WAS,Quarters with 3+ Points,3.5,TRUE,5/24/2026,12/30/1899,pre_game,WNBA,demon,https://static.prizepicks.com/images/players/WNBA/Kiki_Iriafen_WNBA_player_rpWzpNGkFkgVDdBVjShUvIzB.webp,12303036,,,,,,,,,,,,,,,,,,,,,,,,,No,,,0,,,,0,,0,,0,0,3.5,0,Push
Shakira AustinQuarterswith3+Points,Shakira AustinQuarterswith3+Points3.5,WNBA,64392,Shakira Austin,C,WAS,Quarters with 3+ Points,3.5,TRUE,5/24/2026,12/30/1899,pre_game,WNBA,demon,https://static.prizepicks.com/images/players/WNBA/Shakira_Austin_WNBA_player_MA9Pc3OblxHKTZfe7e7MWhC7.webp,12303037,,,,,,,,,,,,,,,,,,,,,,,,,No,,,0,,,,0,,0,,0,0,3.5,0,Push
Flau'jae JohnsonQuarterswith3+Points,Flau'jae JohnsonQuarterswith3+Points3.5,WNBA,316729,Flau'jae Johnson,G,SEA,Quarters with 3+ Points,3.5,TRUE,5/24/2026,12/30/1899,pre_game,WNBA,demon,https://static.prizepicks.com/images/manual/FlaujaeJohnson.png,12303038,,,,,,,,,No,4.6,156.4,,,,,,,,,,,,,,No,IND,29.18,29,,,,0,7,0.1628,over,0,0.16,1.83,0,Push
Natisha HiedemanQuarterswith3+Points,Natisha HiedemanQuarterswith3+Points3.5,WNBA,317046,Natisha Hiedeman,G,SEA,Quarters with 3+ Points,3.5,TRUE,5/24/2026,12/30/1899,pre_game,WNBA,demon,https://static.prizepicks.com/images/manual/NatishaHiedman.png,12303039,,,,,,,,,No,4.6,156.4,,,,,,,,,,,,,,No,IND,20.69,24,,,,0,7,0.1628,over,0,0.16,1.83,0,Push
Flau'jae JohnsonQuarterswith4+Points,Flau'jae JohnsonQuarterswith4+Points3.5,WNBA,316729,Flau'jae Johnson,G,SEA,Quarters with 4+ Points,3.5,TRUE,5/24/2026,12/30/1899,pre_game,WNBA,demon,https://static.prizepicks.com/images/manual/FlaujaeJohnson.png,12303043,,,,,,,,,No,4.6,156.4,,,,,,,,,,,,,,No,IND,29.18,29,,,,0,7,0.1628,over,0,0.16,1.83,0,Push
Sonia Citron3-PTMade,Sonia Citron3-PTMade2.5,WNBA,238241,Sonia Citron,G,WAS,3-PT Made,2.5,TRUE,5/24/2026,12/30/1899,pre_game,WNBA,demon,https://static.prizepicks.com/images/players/WNBA/Sonia_Citron_WNBA_player_Cu5wEbcQEPoUpdz2rimHwWTl.webp,12281254,,,,,,,,,,,,,,,,,,,,,,,,,No,,,0,,,,0,,0,,0,0,2.5,0,Push
Flau'jae Johnson3-PTMade,Flau'jae Johnson3-PTMade2.5,WNBA,316729,Flau'jae Johnson,G,SEA,3-PT Made,2.5,TRUE,5/24/2026,12/30/1899,pre_game,WNBA,demon,https://static.prizepicks.com/images/manual/FlaujaeJohnson.png,12292636,,,,,,,,,No,4.6,156.4,,,,,,,,,,,,,,No,IND,29.18,29,,,,0,,0,,0,0,2.5,0,Push
Natisha Hiedeman3-PTMade,Natisha Hiedeman3-PTMade2.5,WNBA,317046,Natisha Hiedeman,G,SEA,3-PT Made,2.5,TRUE,5/24/2026,12/30/1899,pre_game,WNBA,demon,https://static.prizepicks.com/images/manual/NatishaHiedman.png,12292645,,,,,,,,,No,4.6,156.4,,,,,,,,,,,,,,No,IND,20.69,24,,,,0,,0,,0,0,2.5,0,Push
Shakira AustinTurnovers,Shakira AustinTurnovers2.5,WNBA,64392,Shakira Austin,C,WAS,Turnovers,2.5,TRUE,5/24/2026,12/30/1899,pre_game,WNBA,demon,https://static.prizepicks.com/images/players/WNBA/Shakira_Austin_WNBA_player_MA9Pc3OblxHKTZfe7e7MWhC7.webp,12302505,,,,,,,,,,,,,,,,,,,,,,,,,No,,,0,,,,0,,0,,0,0,2.5,0,Push
Sonia Citron3-PTMade,Sonia Citron3-PTMade1.5,WNBA,238241,Sonia Citron,G,WAS,3-PT Made,1.5,TRUE,5/24/2026,12/30/1899,pre_game,WNBA,demon,https://static.prizepicks.com/images/players/WNBA/Sonia_Citron_WNBA_player_Cu5wEbcQEPoUpdz2rimHwWTl.webp,12281255,,,,,,,,,,,,,,,,,,,,,,,,,No,,,0,,,,0,,0,,0,0,1.5,0,Push
Flau'jae Johnson3-PTMade,Flau'jae Johnson3-PTMade1.5,WNBA,316729,Flau'jae Johnson,G,SEA,3-PT Made,1.5,TRUE,5/24/2026,12/30/1899,pre_game,WNBA,demon,https://static.prizepicks.com/images/manual/FlaujaeJohnson.png,12292635,,,,,,,,,No,4.6,156.4,,,,,,,,,,,,,,No,IND,29.18,29,,,,0,,0,,0,0,1.5,0,Push
Natisha Hiedeman3-PTMade,Natisha Hiedeman3-PTMade1.5,WNBA,317046,Natisha Hiedeman,G,SEA,3-PT Made,1.5,TRUE,5/24/2026,12/30/1899,pre_game,WNBA,demon,https://static.prizepicks.com/images/manual/NatishaHiedman.png,12292646,,,,,,,,,No,4.6,156.4,,,,,,,,,,,,,,No,IND,20.69,24,,,,0,,0,,0,0,1.5,0,Push
Shakira AustinDouble-Double,Shakira AustinDouble-Double0.5,WNBA,64392,Shakira Austin,C,WAS,Double-Double,0.5,TRUE,5/24/2026,12/30/1899,pre_game,WNBA,demon,https://static.prizepicks.com/images/players/WNBA/Shakira_Austin_WNBA_player_MA9Pc3OblxHKTZfe7e7MWhC7.webp,12281514,,,,,,,,,,,,,,,,,,,,,,,,,No,,,0,,,,0,,0,,0,0,0.5,0,Push
Cotie McMahonPoints-1st3Minutes,Cotie McMahonPoints-1st3Minutes0.5,WNBA,318611,Cotie McMahon,G,WAS,Points - 1st 3 Minutes,0.5,TRUE,5/24/2026,12/30/1899,pre_game,WNBA,demon,https://static.prizepicks.com/images/players/WNBA/Cotie_McMahon_WNBA_player_Uetgv8e0LMsObpG07GPeeVQa.webp,12300120,,,,,,,,,,,,,,,,,,,,,,,,,No,,,0,,,,0,,0,,0,0,0.5,0,Push
Georgia AmoorePoints-1st3Minutes,Georgia AmoorePoints-1st3Minutes0.5,WNBA,317129,Georgia Amoore,G,WAS,Points - 1st 3 Minutes,0.5,TRUE,5/24/2026,12/30/1899,pre_game,WNBA,demon,https://static.prizepicks.com/images/players/WNBA/Georgia_Amoore_WNBA_player_3OmmlgIgu7geCDaxC6In7pGu.webp,12300122,,,,,,,,,,,,,,,,,,,,,,,,,No,,,0,,,,0,,0,,0,0,0.5,0,Push
Jade MelbournePoints-1st3Minutes,Jade MelbournePoints-1st3Minutes0.5,WNBA,142457,Jade Melbourne,G,SEA,Points - 1st 3 Minutes,0.5,TRUE,5/24/2026,12/30/1899,pre_game,WNBA,demon,https://static.prizepicks.com/images/manual/JadeMelburne.png,12300124,,,,,,,,,No,4.6,156.4,,,,,,,,,,,,,,No,IND,22.07,25,,,,0,7,0.1628,over,0,0.16,0.33,0,Push
Jordan HorstonPoints-1st3Minutes,Jordan HorstonPoints-1st3Minutes0.5,WNBA,142493,Jordan Horston,F,SEA,Points - 1st 3 Minutes,0.5,TRUE,5/24/2026,12/30/1899,pre_game,WNBA,demon,https://static.prizepicks.com/images/players/WNBA/Jordan_Horston_WNBA_player_adDR6x2R71QuOWdJB61kx1b4.webp,12300126,,,,,,,,,No,4.6,156.4,,,,,,,,,,,,,,No,IND,17.06,18,,,,0,7,0.1628,over,0,0.16,0.33,0,Push
Natisha HiedemanPoints-1st3Minutes,Natisha HiedemanPoints-1st3Minutes0.5,WNBA,317046,Natisha Hiedeman,G,SEA,Points - 1st 3 Minutes,0.5,TRUE,5/24/2026,12/30/1899,pre_game,WNBA,demon,https://static.prizepicks.com/images/manual/NatishaHiedman.png,12300130,,,,,,,,,No,4.6,156.4,,,,,,,,,,,,,,No,IND,20.69,24,,,,0,7,0.1628,over,0,0.16,0.33,0,Push
Stefanie DolsonPoints-1st3Minutes,Stefanie DolsonPoints-1st3Minutes0.5,WNBA,317342,Stefanie Dolson,C,SEA,Points - 1st 3 Minutes,0.5,TRUE,5/24/2026,12/30/1899,pre_game,WNBA,demon,https://static.prizepicks.com/images/manual/Stefanie Dolson SEA.png,12300135,,,,,,,,,No,4.6,156.4,,,,,,,,,,,,,,No,IND,21.43,25,,,,0,7,0.1628,over,0,0.16,0.33,0,Push
Veronica BurtonPoints,Veronica BurtonPoints19.5,WNBA,238261,Veronica Burton,G,GSV,Points,19.5,TRUE,5/25/2026,12/30/1899,pre_game,WNBA,demon,https://static.prizepicks.com/images/players/WNBA/Veronica_Burton_WNBA_player_PgQhWXIUPjwd5ndjpucEaD8E.webp,12296386,14.5,50.55,49.45,-5.01,50.55,Over,https://www.freeiconspng.com/img/1934,,,,,Sun @ Valkyries,2026-05-26T02:00:00Z,Mon 10:00pm,N/A,N/A,,,,5/25/2026,14.6595,,,,No,,,0,38.00193462,61.99806538,61.99806538,14.66,,0,,14.66,14.66,15.6,14.5,Push
Veronica BurtonRebs+Asts,Veronica BurtonRebs+Asts10.5,WNBA,238261,Veronica Burton,G,GSV,Rebs+Asts,10.5,TRUE,5/25/2026,12/30/1899,pre_game,WNBA,demon,https://static.prizepicks.com/images/players/WNBA/Veronica_Burton_WNBA_player_PgQhWXIUPjwd5ndjpucEaD8E.webp,12298116,10.5,44.89,55.11,,55.11,Under,https://www.freeiconspng.com/img/1934,,,,,Sun @ Valkyries,2026-05-26T02:00:00Z,Mon 10:00pm,N/A,N/A,,,,5/25/2026,9.4269,,,,No,,,0,40.302242,59.697758,59.697758,9.43,,0,,9.43,9.43,9.7,0,Push
Veronica BurtonAssists,Veronica BurtonAssists9.5,WNBA,238261,Veronica Burton,G,GSV,Assists,9.5,TRUE,5/25/2026,12/30/1899,pre_game,WNBA,demon,https://static.prizepicks.com/images/players/WNBA/Veronica_Burton_WNBA_player_PgQhWXIUPjwd5ndjpucEaD8E.webp,12296381,6.5,56.12,43.88,,56.12,Over,https://www.freeiconspng.com/img/1934,,,,,Sun @ Valkyries,2026-05-26T02:00:00Z,Mon 10:00pm,N/A,N/A,,,,5/25/2026,7.2956,,,,No,,,0,43.09779705,56.90220295,56.90220295,7.3,,0,,7.3,7.3,7.58,6.5,Push
Veronica BurtonAssists,Veronica BurtonAssists7.5,WNBA,238261,Veronica Burton,G,GSV,Assists,7.5,TRUE,5/25/2026,12/30/1899,pre_game,WNBA,demon,https://static.prizepicks.com/images/players/WNBA/Veronica_Burton_WNBA_player_PgQhWXIUPjwd5ndjpucEaD8E.webp,12296382,6.5,56.12,43.88,,56.12,Over,https://www.freeiconspng.com/img/1934,,,,,Sun @ Valkyries,2026-05-26T02:00:00Z,Mon 10:00pm,N/A,N/A,,,,5/25/2026,7.2956,,,,No,,,0,54.59054293,45.40945707,54.59054293,7.3,,0,,7.3,7.3,7.18,6.5,Push
Veronica BurtonRebounds,Veronica BurtonRebounds5.5,WNBA,238261,Veronica Burton,G,GSV,Rebounds,5.5,TRUE,5/25/2026,12/30/1899,pre_game,WNBA,demon,https://static.prizepicks.com/images/players/WNBA/Veronica_Burton_WNBA_player_PgQhWXIUPjwd5ndjpucEaD8E.webp,12298115,3,48.05,51.95,,51.95,Under,https://www.freeiconspng.com/img/1934,,,,,Sun @ Valkyries,2026-05-26T02:00:00Z,Mon 10:00pm,N/A,N/A,,,,5/25/2026,2.883,,,,No,,,0,25.18693636,74.81306364,74.81306364,2.88,,0,,2.88,2.88,3.53,3.5,Push
Veronica BurtonRebounds,Veronica BurtonRebounds3.5,WNBA,238261,Veronica Burton,G,GSV,Rebounds,3.5,TRUE,5/25/2026,12/30/1899,pre_game,WNBA,demon,https://static.prizepicks.com/images/players/WNBA/Veronica_Burton_WNBA_player_PgQhWXIUPjwd5ndjpucEaD8E.webp,12296389,3,48.05,51.95,,51.95,Under,https://www.freeiconspng.com/img/1934,,,,,Sun @ Valkyries,2026-05-26T02:00:00Z,Mon 10:00pm,N/A,N/A,,,,5/25/2026,2.883,,,,No,,,0,39.57947143,60.42052857,60.42052857,2.88,,0,,2.88,2.88,3.13,3.5,Push
Veronica Burton3-PTMade,Veronica Burton3-PTMade2.5,WNBA,238261,Veronica Burton,G,GSV,3-PT Made,2.5,TRUE,5/25/2026,12/30/1899,pre_game,WNBA,demon,https://static.prizepicks.com/images/players/WNBA/Veronica_Burton_WNBA_player_PgQhWXIUPjwd5ndjpucEaD8E.webp,12296378,,,,,,,,,,,,,,,,,,,,,,,,,No,,,0,,,,0,,0,,0,0,2.5,0,Push
Veronica BurtonDouble-Double,Veronica BurtonDouble-Double0.5,WNBA,238261,Veronica Burton,G,GSV,Double-Double,0.5,TRUE,5/25/2026,12/30/1899,pre_game,WNBA,demon,https://static.prizepicks.com/images/players/WNBA/Veronica_Burton_WNBA_player_PgQhWXIUPjwd5ndjpucEaD8E.webp,12296383,,,,,,,,,,,,,,,,,,,,,,,,,No,,,0,,,,0,,0,,0,0,0.5,0,Push
Shakira AustinPts+Rebs,Shakira AustinPts+Rebs19.5,WNBA,64392,Shakira Austin,C,WAS,Pts+Rebs,19.5,TRUE,5/24/2026,12/30/1899,pre_game,WNBA,goblin,https://static.prizepicks.com/images/players/WNBA/Shakira_Austin_WNBA_player_MA9Pc3OblxHKTZfe7e7MWhC7.webp,12296682,23.5,49.26,50.74,-7.07,50.74,Under,https://www.freeiconspng.com/img/1934,,,,,Mystics @ Storm,2026-05-24T22:00:00Z,Sun 06:00pm,N/A,N/A,Amazon Prime Video,,,5/24/2026,23.1522,,,,No,,,0,58.48601908,41.51398092,58.48601908,23.15,,0,,23.15,23.15,22.24,0,Push
Sonia CitronPts+Rebs,Sonia CitronPts+Rebs19.5,WNBA,238241,Sonia Citron,G,WAS,Pts+Rebs,19.5,TRUE,5/24/2026,12/30/1899,pre_game,WNBA,goblin,https://static.prizepicks.com/images/players/WNBA/Sonia_Citron_WNBA_player_Cu5wEbcQEPoUpdz2rimHwWTl.webp,12296689,20.86,50.92,49.08,-8.73,50.92,Over,https://www.freeiconspng.com/img/1934,,,,,Mystics @ Storm,2026-05-24T22:00:00Z,Sun 06:00pm,N/A,N/A,Amazon Prime Video,,,5/24/2026,21.2438,,,,No,,,0,55.47355364,44.52644636,55.47355364,21.24,,0,,21.24,21.24,20.81,0,Push
Sonia CitronPts+Rebs+Asts,Sonia CitronPts+Rebs+Asts19.5,WNBA,238241,Sonia Citron,G,WAS,Pts+Rebs+Asts,19.5,TRUE,5/24/2026,12/30/1899,pre_game,WNBA,goblin,https://static.prizepicks.com/images/players/WNBA/Sonia_Citron_WNBA_player_Cu5wEbcQEPoUpdz2rimHwWTl.webp,12296692,23.5,50.05,49.95,-7.86,50.05,Over,https://www.freeiconspng.com/img/1934,,,,,Mystics @ Storm,2026-05-24T22:00:00Z,Sun 06:00pm,N/A,N/A,Amazon Prime Video,,,5/24/2026,23.5235,,,,No,,,0,60.37698333,39.62301667,60.37698333,23.52,,0,,23.52,23.52,22.52,0,Push
Kiki IriafenPts+Rebs,Kiki IriafenPts+Rebs19.5,WNBA,238169,Kiki Iriafen,F,WAS,Pts+Rebs,19.5,TRUE,5/24/2026,12/30/1899,pre_game,WNBA,goblin,https://static.prizepicks.com/images/players/WNBA/Kiki_Iriafen_WNBA_player_rpWzpNGkFkgVDdBVjShUvIzB.webp,12298931,25.5,49.69,50.31,-7.5,50.31,Under,https://www.freeiconspng.com/img/1934,,,,,Mystics @ Storm,2026-05-24T22:00:00Z,Sun 06:00pm,N/A,N/A,Amazon Prime Video,,,5/24/2026,25.3419,,,,No,,,0,64.57635954,35.42364046,64.57635954,25.34,,0,,25.34,25.34,23.88,0,Push
Sonia CitronPoints,Sonia CitronPoints16.5,WNBA,238241,Sonia Citron,G,WAS,Points,16.5,TRUE,5/24/2026,12/30/1899,pre_game,WNBA,goblin,https://static.prizepicks.com/images/players/WNBA/Sonia_Citron_WNBA_player_Cu5wEbcQEPoUpdz2rimHwWTl.webp,12303310,17.5,48.25,51.75,-6.06,51.75,Under,https://www.freeiconspng.com/img/1934,,,,,Mystics @ Storm,2026-05-24T22:00:00Z,Sun 06:00pm,N/A,N/A,Amazon Prime Video,,,5/24/2026,16.8875,,,,No,,,0,49.38314394,50.61685606,50.61685606,16.89,,0,,16.89,16.89,16.93,17.5,Push
Sonia CitronPoints,Sonia CitronPoints14.5,WNBA,238241,Sonia Citron,G,WAS,Points,14.5,TRUE,5/24/2026,12/30/1899,pre_game,WNBA,goblin,https://static.prizepicks.com/images/players/WNBA/Sonia_Citron_WNBA_player_Cu5wEbcQEPoUpdz2rimHwWTl.webp,12281265,17.5,48.25,51.75,-6.06,51.75,Under,https://www.freeiconspng.com/img/1934,,,,,Mystics @ Storm,2026-05-24T22:00:00Z,Sun 06:00pm,N/A,N/A,Amazon Prime Video,,,5/24/2026,16.8875,,,,No,,,0,56.19461207,43.80538793,56.19461207,16.89,,0,,16.89,16.89,16.53,17.5,Push
Flau'jae JohnsonPts+Rebs,Flau'jae JohnsonPts+Rebs14.5,WNBA,316729,Flau'jae Johnson,G,SEA,Pts+Rebs,14.5,TRUE,5/24/2026,12/30/1899,pre_game,WNBA,goblin,https://static.prizepicks.com/images/manual/FlaujaeJohnson.png,12300087,19.5,49.52,50.48,-7.33,50.48,Under,https://www.freeiconspng.com/img/1934,,No,4.6,156.4,Mystics @ Storm,2026-05-24T22:00:00Z,Sun 06:00pm,N/A,N/A,Amazon Prime Video,,,5/24/2026,19.3128,,,,No,IND,29.18,29,65.95654179,34.04345821,65.95654179,19.31,14,-0.0825,under,19.31,19.23,18.09,0,Push
Natisha HiedemanPts+Asts,Natisha HiedemanPts+Asts14.5,WNBA,317046,Natisha Hiedeman,G,SEA,Pts+Asts,14.5,TRUE,5/24/2026,12/30/1899,pre_game,WNBA,goblin,https://static.prizepicks.com/images/manual/NatishaHiedman.png,12303740,18.5,48.57,51.43,,51.43,Under,https://www.freeiconspng.com/img/1934,,No,4.6,156.4,Mystics @ Storm,2026-05-24T22:00:00Z,Sun 06:00pm,N/A,N/A,Amazon Prime Video,,,5/24/2026,17.9709,,,,No,IND,20.69,24,60.19631814,39.80368186,60.19631814,17.97,5,-0.0456,under,17.97,17.93,17.09,0,Push
Sonia CitronPts+Asts,Sonia CitronPts+Asts14.5,WNBA,238241,Sonia Citron,G,WAS,Pts+Asts,14.5,TRUE,5/24/2026,12/30/1899,pre_game,WNBA,goblin,https://static.prizepicks.com/images/players/WNBA/Sonia_Citron_WNBA_player_Cu5wEbcQEPoUpdz2rimHwWTl.webp,12306344,19.5,51.23,48.77,-9.04,51.23,Over,https://www.freeiconspng.com/img/1934,,,,,Mystics @ Storm,2026-05-24T22:00:00Z,Sun 06:00pm,N/A,N/A,Amazon Prime Video,,,5/24/2026,19.9797,,,,No,,,0,70.59034697,29.40965303,70.59034697,19.98,,0,,19.98,19.98,18.61,0,Push
Kiki IriafenPoints,Kiki IriafenPoints13.5,WNBA,238169,Kiki Iriafen,F,WAS,Points,13.5,TRUE,5/24/2026,12/30/1899,pre_game,WNBA,goblin,https://static.prizepicks.com/images/players/WNBA/Kiki_Iriafen_WNBA_player_rpWzpNGkFkgVDdBVjShUvIzB.webp,12303306,14.5,50.59,49.41,-8.4,50.59,Over,https://www.freeiconspng.com/img/1934,,,,,Mystics @ Storm,2026-05-24T22:00:00Z,Sun 06:00pm,N/A,N/A,Amazon Prime Video,,,5/24/2026,14.6711,,,,No,,,0,54.97858881,45.02141119,54.97858881,14.67,,0,,14.67,14.67,14.4,14.5,Push
Shakira AustinPoints,Shakira AustinPoints13.5,WNBA,64392,Shakira Austin,C,WAS,Points,13.5,TRUE,5/24/2026,12/30/1899,pre_game,WNBA,goblin,https://static.prizepicks.com/images/players/WNBA/Shakira_Austin_WNBA_player_MA9Pc3OblxHKTZfe7e7MWhC7.webp,12303309,14.5,51.56,48.44,-9.37,51.56,Over,https://www.freeiconspng.com/img/1934,,,,,Mystics @ Storm,2026-05-24T22:00:00Z,Sun 06:00pm,N/A,N/A,Amazon Prime Video,,,5/24/2026,14.9524,,,,No,,,0,57.10709215,42.89290785,57.10709215,14.95,,0,,14.95,14.95,14.57,14.5,Push
Natisha HiedemanPoints,Natisha HiedemanPoints12.5,WNBA,317046,Natisha Hiedeman,G,SEA,Points,12.5,TRUE,5/24/2026,12/30/1899,pre_game,WNBA,goblin,https://static.prizepicks.com/images/manual/NatishaHiedman.png,12303307,13.5,49.1,50.9,-6.91,50.9,Under,https://www.freeiconspng.com/img/1934,,No,4.6,156.4,Mystics @ Storm,2026-05-24T22:00:00Z,Sun 06:00pm,N/A,N/A,Amazon Prime Video,,,5/24/2026,13.257,,,,No,IND,20.69,24,52.073496,47.926504,52.073496,13.26,7,0.1628,over,13.26,13.42,13.19,13.5,Push
Kiki IriafenPoints,Kiki IriafenPoints11.5,WNBA,238169,Kiki Iriafen,F,WAS,Points,11.5,TRUE,5/24/2026,12/30/1899,pre_game,WNBA,goblin,https://static.prizepicks.com/images/players/WNBA/Kiki_Iriafen_WNBA_player_rpWzpNGkFkgVDdBVjShUvIzB.webp,12296356,14.5,50.59,49.41,-8.4,50.59,Over,https://www.freeiconspng.com/img/1934,,,,,Mystics @ Storm,2026-05-24T22:00:00Z,Sun 06:00pm,N/A,N/A,Amazon Prime Video,,,5/24/2026,14.6711,,,,No,,,0,64.54008252,35.45991748,64.54008252,14.67,,0,,14.67,14.67,14,14.5,Push
Shakira AustinPoints,Shakira AustinPoints11.5,WNBA,64392,Shakira Austin,C,WAS,Points,11.5,TRUE,5/24/2026,12/30/1899,pre_game,WNBA,goblin,https://static.prizepicks.com/images/players/WNBA/Shakira_Austin_WNBA_player_MA9Pc3OblxHKTZfe7e7MWhC7.webp,12296361,14.5,51.56,48.44,-9.37,51.56,Over,https://www.freeiconspng.com/img/1934,,,,,Mystics @ Storm,2026-05-24T22:00:00Z,Sun 06:00pm,N/A,N/A,Amazon Prime Video,,,5/24/2026,14.9524,,,,No,,,0,67.03876035,32.96123965,67.03876035,14.95,,0,,14.95,14.95,14.17,14.5,Push
Flau'jae JohnsonPoints,Flau'jae JohnsonPoints11.5,WNBA,316729,Flau'jae Johnson,G,SEA,Points,11.5,TRUE,5/24/2026,12/30/1899,pre_game,WNBA,goblin,https://static.prizepicks.com/images/manual/FlaujaeJohnson.png,12297147,14.29,48.63,51.37,-6.44,51.37,Under,https://www.freeiconspng.com/img/1934,,No,4.6,156.4,Mystics @ Storm,2026-05-24T22:00:00Z,Sun 06:00pm,N/A,N/A,Amazon Prime Video,,,5/24/2026,13.8985,,,,No,IND,29.18,29,58.77252652,41.22747348,58.77252652,13.9,7,0.1628,over,13.9,14.06,13.57,14.5,Push
Natisha HiedemanPoints,Natisha HiedemanPoints11.5,WNBA,317046,Natisha Hiedeman,G,SEA,Points,11.5,TRUE,5/24/2026,12/30/1899,pre_game,WNBA,goblin,https://static.prizepicks.com/images/manual/NatishaHiedman.png,12297152,13.5,49.1,50.9,-6.91,50.9,Under,https://www.freeiconspng.com/img/1934,,No,4.6,156.4,Mystics @ Storm,2026-05-24T22:00:00Z,Sun 06:00pm,N/A,N/A,Amazon Prime Video,,,5/24/2026,13.257,,,,No,IND,20.69,24,56.60162609,43.39837391,56.60162609,13.26,7,0.1628,over,13.26,13.42,12.99,13.5,Push
Kiki IriafenRebounds,Kiki IriafenRebounds9.5,WNBA,238169,Kiki Iriafen,F,WAS,Rebounds,9.5,TRUE,5/24/2026,12/30/1899,pre_game,WNBA,goblin,https://static.prizepicks.com/images/players/WNBA/Kiki_Iriafen_WNBA_player_rpWzpNGkFkgVDdBVjShUvIzB.webp,12281513,10.5,49.61,50.39,-7.42,50.39,Under,https://www.freeiconspng.com/img/1934,,,,,Mystics @ Storm,2026-05-24T22:00:00Z,Sun 06:00pm,N/A,N/A,Amazon Prime Video,,,5/24/2026,10.4181,,,,No,,,0,54.40441484,45.59558516,54.40441484,10.42,,0,,10.42,10.42,10.25,10.5,Push
Shakira AustinPoints,Shakira AustinPoints9.5,WNBA,64392,Shakira Austin,C,WAS,Points,9.5,TRUE,5/24/2026,12/30/1899,pre_game,WNBA,goblin,https://static.prizepicks.com/images/players/WNBA/Shakira_Austin_WNBA_player_MA9Pc3OblxHKTZfe7e7MWhC7.webp,12281517,14.5,51.56,48.44,-9.37,51.56,Over,https://www.freeiconspng.com/img/1934,,,,,Mystics @ Storm,2026-05-24T22:00:00Z,Sun 06:00pm,N/A,N/A,Amazon Prime Video,,,5/24/2026,14.9524,,,,No,,,0,81.15218358,18.84781642,81.15218358,14.95,,0,,14.95,14.95,13.77,14.5,Push
Natisha HiedemanPoints,Natisha HiedemanPoints9.5,WNBA,317046,Natisha Hiedeman,G,SEA,Points,9.5,TRUE,5/24/2026,12/30/1899,pre_game,WNBA,goblin,https://static.prizepicks.com/images/manual/NatishaHiedman.png,12292648,13.5,49.1,50.9,-6.91,50.9,Under,https://www.freeiconspng.com/img/1934,,No,4.6,156.4,Mystics @ Storm,2026-05-24T22:00:00Z,Sun 06:00pm,N/A,N/A,Amazon Prime Video,,,5/24/2026,13.257,,,,No,IND,20.69,24,68.51775789,31.48224211,68.51775789,13.26,7,0.1628,over,13.26,13.42,12.59,13.5,Push
Flau'jae JohnsonPoints,Flau'jae JohnsonPoints9.5,WNBA,316729,Flau'jae Johnson,G,SEA,Points,9.5,TRUE,5/24/2026,12/30/1899,pre_game,WNBA,goblin,https://static.prizepicks.com/images/manual/FlaujaeJohnson.png,12294518,14.29,48.63,51.37,-6.44,51.37,Under,https://www.freeiconspng.com/img/1934,,No,4.6,156.4,Mystics @ Storm,2026-05-24T22:00:00Z,Sun 06:00pm,N/A,N/A,Amazon Prime Video,,,5/24/2026,13.8985,,,,No,IND,29.18,29,71.14569,28.85431,71.14569,13.9,7,0.1628,over,13.9,14.06,13.17,14.5,Push
Jade MelbournePoints,Jade MelbournePoints9.5,WNBA,142457,Jade Melbourne,G,SEA,Points,9.5,TRUE,5/24/2026,12/30/1899,pre_game,WNBA,goblin,https://static.prizepicks.com/images/manual/JadeMelburne.png,12304532,10.5,51.28,48.72,-9.09,51.28,Over,https://www.freeiconspng.com/img/1934,,No,4.6,156.4,,,,,,,,,,10.7688,,,,No,IND,22.07,25,58.12884884,41.87115116,58.12884884,10.77,7,0.1628,over,10.77,10.93,10.49,0,Push
Kiki IriafenRebounds,Kiki IriafenRebounds8.5,WNBA,238169,Kiki Iriafen,F,WAS,Rebounds,8.5,TRUE,5/24/2026,12/30/1899,pre_game,WNBA,goblin,https://static.prizepicks.com/images/players/WNBA/Kiki_Iriafen_WNBA_player_rpWzpNGkFkgVDdBVjShUvIzB.webp,12296358,10.5,49.61,50.39,-7.42,50.39,Under,https://www.freeiconspng.com/img/1934,,,,,Mystics @ Storm,2026-05-24T22:00:00Z,Sun 06:00pm,N/A,N/A,Amazon Prime Video,,,5/24/2026,10.4181,,,,No,,,0,60.80493424,39.19506576,60.80493424,10.42,,0,,10.42,10.42,10.05,10.5,Push
Kiki IriafenRebounds,Kiki IriafenRebounds7.5,WNBA,238169,Kiki Iriafen,F,WAS,Rebounds,7.5,TRUE,5/24/2026,12/30/1899,pre_game,WNBA,goblin,https://static.prizepicks.com/images/players/WNBA/Kiki_Iriafen_WNBA_player_rpWzpNGkFkgVDdBVjShUvIzB.webp,12281512,10.5,49.61,50.39,-7.42,50.39,Under,https://www.freeiconspng.com/img/1934,,,,,Mystics @ Storm,2026-05-24T22:00:00Z,Sun 06:00pm,N/A,N/A,Amazon Prime Video,,,5/24/2026,10.4181,,,,No,,,0,68.9122588,31.0877412,68.9122588,10.42,,0,,10.42,10.42,9.85,10.5,Push
Jade MelbournePoints,Jade MelbournePoints7.5,WNBA,142457,Jade Melbourne,G,SEA,Points,7.5,TRUE,5/24/2026,12/30/1899,pre_game,WNBA,goblin,https://static.prizepicks.com/images/manual/JadeMelburne.png,12305062,10.5,51.28,48.72,-9.09,51.28,Over,https://www.freeiconspng.com/img/1934,,No,4.6,156.4,,,,,,,,,,10.7688,,,,No,IND,22.07,25,73.6298752,26.3701248,73.6298752,10.77,7,0.1628,over,10.77,10.93,9.99,0,Push
Shakira AustinRebounds,Shakira AustinRebounds6.5,WNBA,64392,Shakira Austin,C,WAS,Rebounds,6.5,TRUE,5/24/2026,12/30/1899,pre_game,WNBA,goblin,https://static.prizepicks.com/images/players/WNBA/Shakira_Austin_WNBA_player_MA9Pc3OblxHKTZfe7e7MWhC7.webp,12296363,8.35,45.56,54.44,,54.44,Under,https://www.freeiconspng.com/img/1934,,,,,Mystics @ Storm,2026-05-24T22:00:00Z,Sun 06:00pm,N/A,N/A,Amazon Prime Video,,,5/24/2026,7.6085,,,,No,,,0,53.32973231,46.67026769,53.32973231,7.61,,0,,7.61,7.61,7.57,8.5,Push
Flau'jae JohnsonRebounds,Flau'jae JohnsonRebounds4.5,WNBA,316729,Flau'jae Johnson,G,SEA,Rebounds,4.5,TRUE,5/24/2026,12/30/1899,pre_game,WNBA,goblin,https://static.prizepicks.com/images/manual/FlaujaeJohnson.png,12292641,4.83,52.41,47.59,-10.22,52.41,Over,https://www.freeiconspng.com/img/1934,,No,4.6,156.4,Mystics @ Storm,2026-05-24T22:00:00Z,Sun 06:00pm,N/A,N/A,Amazon Prime Video,,,5/24/2026,5.0628,,,,No,IND,29.18,29,58.964744,41.035256,58.964744,5.06,14,-0.0825,under,5.06,4.98,4.82,4.5,Push
Flau'jae JohnsonRebounds,Flau'jae JohnsonRebounds3.5,WNBA,316729,Flau'jae Johnson,G,SEA,Rebounds,3.5,TRUE,5/24/2026,12/30/1899,pre_game,WNBA,goblin,https://static.prizepicks.com/images/manual/FlaujaeJohnson.png,12292640,4.83,52.41,47.59,-10.22,52.41,Over,https://www.freeiconspng.com/img/1934,,No,4.6,156.4,Mystics @ Storm,2026-05-24T22:00:00Z,Sun 06:00pm,N/A,N/A,Amazon Prime Video,,,5/24/2026,5.0628,,,,No,IND,29.18,29,75.81181371,24.18818629,75.81181371,5.06,14,-0.0825,under,5.06,4.98,4.62,4.5,Push
Natisha HiedemanAssists,Natisha HiedemanAssists3.5,WNBA,317046,Natisha Hiedeman,G,SEA,Assists,3.5,TRUE,5/24/2026,12/30/1899,pre_game,WNBA,goblin,https://static.prizepicks.com/images/manual/NatishaHiedman.png,12303736,4.5,44.52,55.48,,55.48,Under,https://www.freeiconspng.com/img/1934,,No,4.6,156.4,Mystics @ Storm,2026-05-24T22:00:00Z,Sun 06:00pm,N/A,N/A,Amazon Prime Video,,,5/24/2026,4.0068,,,,No,IND,20.69,24,50.966496,49.033504,50.966496,4.01,11,-0.0422,under,4.01,3.96,3.87,0,Push
Sonia CitronRebounds,Sonia CitronRebounds2.5,WNBA,238241,Sonia Citron,G,WAS,Rebounds,2.5,TRUE,5/24/2026,12/30/1899,pre_game,WNBA,goblin,https://static.prizepicks.com/images/players/WNBA/Sonia_Citron_WNBA_player_Cu5wEbcQEPoUpdz2rimHwWTl.webp,12296366,3.5,50.36,49.64,-8.17,50.36,Over,https://www.freeiconspng.com/img/1934,,,,,Mystics @ Storm,2026-05-24T22:00:00Z,Sun 06:00pm,N/A,N/A,Amazon Prime Video,,,5/24/2026,3.5252,,,,No,,,0,71.0116288,28.9883712,71.0116288,3.53,,0,,3.53,3.53,3.32,3.5,Push
Jade MelbourneAssists,Jade MelbourneAssists2.5,WNBA,142457,Jade Melbourne,G,SEA,Assists,2.5,TRUE,5/24/2026,12/30/1899,pre_game,WNBA,goblin,https://static.prizepicks.com/images/manual/JadeMelburne.png,12305060,3.5,51.61,48.39,-9.42,51.61,Over,https://www.freeiconspng.com/img/1934,,No,4.6,156.4,,,,,,,,,,3.6127,,,,No,IND,22.07,25,74.5805788,25.4194212,74.5805788,3.61,11,-0.0422,under,3.61,3.57,3.32,0,Push
Sonia CitronAssists,Sonia CitronAssists1.5,WNBA,238241,Sonia Citron,G,WAS,Assists,1.5,TRUE,5/24/2026,12/30/1899,pre_game,WNBA,goblin,https://static.prizepicks.com/images/players/WNBA/Sonia_Citron_WNBA_player_Cu5wEbcQEPoUpdz2rimHwWTl.webp,12281258,2.5,46.6,53.4,,53.4,Under,https://www.freeiconspng.com/img/1934,,,,,Mystics @ Storm,2026-05-24T22:00:00Z,Sun 06:00pm,N/A,N/A,Amazon Prime Video,,,5/24/2026,2.33,,,,No,,,0,72.38533333,27.61466667,72.38533333,2.33,,0,,2.33,2.33,2.2,2.5,Push
Sonia Citron3-PTMade,Sonia Citron3-PTMade0.5,WNBA,238241,Sonia Citron,G,WAS,3-PT Made,0.5,TRUE,5/24/2026,12/30/1899,pre_game,WNBA,goblin,https://static.prizepicks.com/images/players/WNBA/Sonia_Citron_WNBA_player_Cu5wEbcQEPoUpdz2rimHwWTl.webp,12281256,,,,,,,,,,,,,,,,,,,,,,,,,No,,,0,,,,0,,0,,0,0,0.5,0,Push
Flau'jae Johnson3-PTMade,Flau'jae Johnson3-PTMade0.5,WNBA,316729,Flau'jae Johnson,G,SEA,3-PT Made,0.5,TRUE,5/24/2026,12/30/1899,pre_game,WNBA,goblin,https://static.prizepicks.com/images/manual/FlaujaeJohnson.png,12292634,,,,,,,,,No,4.6,156.4,,,,,,,,,,,,,,No,IND,29.18,29,,,,0,,0,,0,0,0.5,0,Push
Natisha Hiedeman3-PTMade,Natisha Hiedeman3-PTMade0.5,WNBA,317046,Natisha Hiedeman,G,SEA,3-PT Made,0.5,TRUE,5/24/2026,12/30/1899,pre_game,WNBA,goblin,https://static.prizepicks.com/images/manual/NatishaHiedman.png,12292644,,,,,,,,,No,4.6,156.4,,,,,,,,,,,,,,No,IND,20.69,24,,,,0,,0,,0,0,0.5,0,Push
Kiki IriafenDouble-Double,Kiki IriafenDouble-Double0.5,WNBA,238169,Kiki Iriafen,F,WAS,Double-Double,0.5,TRUE,5/24/2026,12/30/1899,pre_game,WNBA,goblin,https://static.prizepicks.com/images/players/WNBA/Kiki_Iriafen_WNBA_player_rpWzpNGkFkgVDdBVjShUvIzB.webp,12294231,,,,,,,,,,,,,,,,,,,,,,,,,No,,,0,,,,0,,0,,0,0,0.5,0,Push
Kiki IriafenPoints-1st3Minutes,Kiki IriafenPoints-1st3Minutes0.5,WNBA,238169,Kiki Iriafen,F,WAS,Points - 1st 3 Minutes,0.5,TRUE,5/24/2026,12/30/1899,pre_game,WNBA,goblin,https://static.prizepicks.com/images/players/WNBA/Kiki_Iriafen_WNBA_player_rpWzpNGkFkgVDdBVjShUvIzB.webp,12300129,,,,,,,,,,,,,,,,,,,,,,,,,No,,,0,,,,0,,0,,0,0,0.5,0,Push
Shakira AustinPoints-1st3Minutes,Shakira AustinPoints-1st3Minutes0.5,WNBA,64392,Shakira Austin,C,WAS,Points - 1st 3 Minutes,0.5,TRUE,5/24/2026,12/30/1899,pre_game,WNBA,goblin,https://static.prizepicks.com/images/players/WNBA/Shakira_Austin_WNBA_player_MA9Pc3OblxHKTZfe7e7MWhC7.webp,12300133,,,,,,,,,,,,,,,,,,,,,,,,,No,,,0,,,,0,,0,,0,0,0.5,0,Push
Flau'jae JohnsonOffensiveRebounds,Flau'jae JohnsonOffensiveRebounds0.5,WNBA,316729,Flau'jae Johnson,G,SEA,Offensive Rebounds,0.5,TRUE,5/24/2026,12/30/1899,pre_game,WNBA,goblin,https://static.prizepicks.com/images/manual/FlaujaeJohnson.png,12302255,,,,,,,,,No,4.6,156.4,,,,,,,,,,,,,,No,IND,29.18,29,,,,0,14,-0.0825,under,0,-0.08,0.5,0,Push
Sonia CitronOffensiveRebounds,Sonia CitronOffensiveRebounds0.5,WNBA,238241,Sonia Citron,G,WAS,Offensive Rebounds,0.5,TRUE,5/24/2026,12/30/1899,pre_game,WNBA,goblin,https://static.prizepicks.com/images/players/WNBA/Sonia_Citron_WNBA_player_Cu5wEbcQEPoUpdz2rimHwWTl.webp,12302258,,,,,,,,,,,,,,,,,,,,,,,,,No,,,0,,,,0,,0,,0,0,0.5,0,Push
Veronica BurtonAssists,Veronica BurtonAssists6.5,WNBA,238261,Veronica Burton,G,GSV,Assists,6.5,TRUE,5/25/2026,12/30/1899,pre_game,WNBA,goblin,https://static.prizepicks.com/images/players/WNBA/Veronica_Burton_WNBA_player_PgQhWXIUPjwd5ndjpucEaD8E.webp,12296380,6.5,56.12,43.88,,56.12,Over,https://www.freeiconspng.com/img/1934,,,,,Sun @ Valkyries,2026-05-26T02:00:00Z,Mon 10:00pm,N/A,N/A,,,,5/25/2026,7.2956,,,,No,,,0,62.989088,37.010912,62.989088,7.3,,0,,7.3,7.3,6.98,6.5,Push
Veronica BurtonAssists,Veronica BurtonAssists5.5,WNBA,238261,Veronica Burton,G,GSV,Assists,5.5,TRUE,5/25/2026,12/30/1899,pre_game,WNBA,goblin,https://static.prizepicks.com/images/players/WNBA/Veronica_Burton_WNBA_player_PgQhWXIUPjwd5ndjpucEaD8E.webp,12296379,6.5,56.12,43.88,,56.12,Over,https://www.freeiconspng.com/img/1934,,,,,Sun @ Valkyries,2026-05-26T02:00:00Z,Mon 10:00pm,N/A,N/A,,,,5/25/2026,7.2956,,,,No,,,0,74.44164945,25.55835055,74.44164945,7.3,,0,,7.3,7.3,6.78,6.5,Push